시간,발전량
2025-01-01 00:00,0.0
2025-01-01 01:00,0.07994654329672733
2025-01-01 02:00,0.6297903856800745
2025-01-01 03:00,0.0018515633268207446
2025-01-01 04:00,0.006060489576229962
2025-01-01 05:00,2.20384792952269
2025-01-01 06:00,2.5590637755314294
2025-01-01 07:00,3.8433049905768093
2025-01-01 08:00,3.45209623507422
2025-01-01 09:00,1.5173314785270993
2025-01-01 10:00,1.1677670459626972
2025-01-01 11:00,0.4991150204668955
2025-01-01 12:00,3.7840766252670814
2025-01-01 13:00,4.165361542357713
2025-01-01 14:00,4.337378481426272
2025-01-01 15:00,6.030122018971763
2025-01-01 16:00,4.632647629703651
2025-01-01 17:00,8.088626272043863
2025-01-01 18:00,5.468706098419843
2025-01-01 19:00,7.749179641029324
2025-01-01 20:00,8.809578360032653
2025-01-01 21:00,8.319096206668757
2025-01-01 22:00,8.767709803774753
2025-01-01 23:00,9.045095225209678
2025-01-02 00:00,14.2283250720632
2025-01-02 01:00,10.58133494273734
2025-01-02 02:00,12.056990456851912
2025-01-02 03:00,10.526102984867222
2025-01-02 04:00,8.933050990413054
2025-01-02 05:00,8.102667859918396
2025-01-02 06:00,5.510535344480131
2025-01-02 07:00,4.896931416026113
2025-01-02 08:00,6.183709889813053
2025-01-02 09:00,5.872134702339523
2025-01-02 10:00,4.626525990375686
2025-01-02 11:00,7.369755896354901
2025-01-02 12:00,1.1160908953999702
2025-01-02 13:00,0.0
2025-01-02 14:00,3.445769694594165
2025-01-02 15:00,5.830719670900312
2025-01-02 16:00,9.475979230488855
2025-01-02 17:00,17.817064451682857
2025-01-02 18:00,14.65300348460511
2025-01-02 19:00,15.589675002327898
2025-01-02 20:00,18.048638272653072
2025-01-02 21:00,14.561945883315387
2025-01-02 22:00,13.83414769537965
2025-01-02 23:00,13.569952004161198
2025-01-03 00:00,14.55858713663915
2025-01-03 01:00,14.819906793820625
2025-01-03 02:00,20.267324825075942
2025-01-03 03:00,24.752486886977895
2025-01-03 04:00,23.32745525543795
2025-01-03 05:00,20.9378579628428
2025-01-03 06:00,19.3444735526228
2025-01-03 07:00,19.060779269630913
2025-01-03 08:00,17.227750142463545
2025-01-03 09:00,19.297640486701113
2025-01-03 10:00,14.087788960283106
2025-01-03 11:00,9.767522581817783
2025-01-03 12:00,2.071569826841711
2025-01-03 13:00,3.471137024295717
2025-01-03 14:00,0.7685711829051152
2025-01-03 15:00,5.642165227149502
2025-01-03 16:00,9.591613726944315
2025-01-03 17:00,16.853661393986332
2025-01-03 18:00,18.23632724928591
2025-01-03 19:00,16.454303033209335
2025-01-03 20:00,18.92006566670387
2025-01-03 21:00,18.64235785777131
2025-01-03 22:00,19.01643503229944
2025-01-03 23:00,15.837934413800008
2025-01-04 00:00,15.958126695469945
2025-01-04 01:00,14.905599825217404
2025-01-04 02:00,7.132835206093793
2025-01-04 03:00,5.092056785632322
2025-01-04 04:00,2.9195214243010708
2025-01-04 05:00,2.022208631347659
2025-01-04 06:00,2.692539797253342
2025-01-04 07:00,1.121764765908201
2025-01-04 08:00,1.0968715666046294
2025-01-04 09:00,0.5508929047228794
2025-01-04 10:00,0.051679501847328016
2025-01-04 11:00,0.0
2025-01-04 12:00,0.4188457760020126
2025-01-04 13:00,0.0
2025-01-04 14:00,0.7410140997373276
2025-01-04 15:00,1.0160764602360162
2025-01-04 16:00,0.2003612858299793
2025-01-04 17:00,0.012806775080808915
2025-01-04 18:00,0.0
2025-01-04 19:00,1.6008446653211579
2025-01-04 20:00,2.1219946791493975
2025-01-04 21:00,2.312977381629387
2025-01-04 22:00,2.562786818108583
2025-01-04 23:00,6.349893659507901
2025-01-05 00:00,6.6231866062927045
2025-01-05 01:00,6.817018988082713
2025-01-05 02:00,8.172090062222084
2025-01-05 03:00,11.656773738418003
2025-01-05 04:00,25.44660591734048
2025-01-05 05:00,29.443739715164707
2025-01-05 06:00,34.48660168089652
2025-01-05 07:00,38.44581469221085
2025-01-05 08:00,40.626228813387314
2025-01-05 09:00,43.768335440591336
2025-01-05 10:00,43.24668544213625
2025-01-05 11:00,45.850674059585835
2025-01-05 12:00,47.11681896858621
2025-01-05 13:00,45.57242185044045
2025-01-05 14:00,45.311939263108066
2025-01-05 15:00,42.942613668736506
2025-01-05 16:00,27.81657508180128
2025-01-05 17:00,23.293997211003983
2025-01-05 18:00,18.791395768917294
2025-01-05 19:00,13.395133504576693
2025-01-05 20:00,15.57711801827023
2025-01-05 21:00,15.018202951160427
2025-01-05 22:00,14.47291222956347
2025-01-05 23:00,13.653869365847896
2025-01-06 00:00,15.58371842580642
2025-01-06 01:00,16.346814887050293
2025-01-06 02:00,14.864605243609184
2025-01-06 03:00,15.346411793088755
2025-01-06 04:00,14.824545758223854
2025-01-06 05:00,11.652859965068455
2025-01-06 06:00,13.425845689035603
2025-01-06 07:00,12.190009697616748
2025-01-06 08:00,17.48405165756832
2025-01-06 09:00,17.258154046584295
2025-01-06 10:00,23.422806683629766
2025-01-06 11:00,31.10355092621541
2025-01-06 12:00,33.322067766134865
2025-01-06 13:00,43.0417279727574
2025-01-06 14:00,53.559680716831345
2025-01-06 15:00,50.02783601313271
2025-01-06 16:00,49.59996585366143
2025-01-06 17:00,47.041583259024215
2025-01-06 18:00,48.3585651096658
2025-01-06 19:00,48.75909417415019
2025-01-06 20:00,48.67289370821541
2025-01-06 21:00,49.09600888730633
2025-01-06 22:00,50.31110438714877
2025-01-06 23:00,50.69632759047537
2025-01-07 00:00,52.3559806177777
2025-01-07 01:00,51.31022816948267
2025-01-07 02:00,50.530663486018724
2025-01-07 03:00,44.121987020551984
2025-01-07 04:00,42.64240222387989
2025-01-07 05:00,37.468303410281926
2025-01-07 06:00,20.57105585030857
2025-01-07 07:00,12.9273710034985
2025-01-07 08:00,7.595959922289815
2025-01-07 09:00,12.682653278330953
2025-01-07 10:00,16.770730458866055
2025-01-07 11:00,26.62705725957579
2025-01-07 12:00,40.706523406284994
2025-01-07 13:00,36.867355455411484
2025-01-07 14:00,42.86309482925069
2025-01-07 15:00,44.80249990326118
2025-01-07 16:00,46.226058094265284
2025-01-07 17:00,51.82273203047271
2025-01-07 18:00,50.131552261556344
2025-01-07 19:00,51.50038833992669
2025-01-07 20:00,50.35039108248861
2025-01-07 21:00,47.41000273864323
2025-01-07 22:00,49.06839163667141
2025-01-07 23:00,40.17513914146202
2025-01-08 00:00,51.551069039857005
2025-01-08 01:00,49.38258879164717
2025-01-08 02:00,41.206718638479366
2025-01-08 03:00,38.63743868601276
2025-01-08 04:00,37.00289481953343
2025-01-08 05:00,33.456225683011205
2025-01-08 06:00,26.360191925905617
2025-01-08 07:00,26.165085349575723
2025-01-08 08:00,26.445701526872703
2025-01-08 09:00,19.359969252346133
2025-01-08 10:00,20.893001642764464
2025-01-08 11:00,24.885851004811315
2025-01-08 12:00,27.10419901384521
2025-01-08 13:00,28.99055573707327
2025-01-08 14:00,36.84013423120395
2025-01-08 15:00,45.10651755187425
2025-01-08 16:00,49.67732753983872
2025-01-08 17:00,49.739814171090444
2025-01-08 18:00,55.02239946694103
2025-01-08 19:00,54.94040030466181
2025-01-08 20:00,57.05573229164611
2025-01-08 21:00,56.90843579648638
2025-01-08 22:00,56.21002562639908
2025-01-08 23:00,56.62962480476453
2025-01-09 00:00,57.93954763791878
2025-01-09 01:00,57.640146993505304
2025-01-09 02:00,56.91655181411184
2025-01-09 03:00,54.928796423552726
2025-01-09 04:00,56.47824256441525
2025-01-09 05:00,58.82515206067553
2025-01-09 06:00,56.96522342343098
2025-01-09 07:00,57.56653396647511
2025-01-09 08:00,55.90730455625218
2025-01-09 09:00,58.7233092825706
2025-01-09 10:00,56.6531617924408
2025-01-09 11:00,55.52256540535101
2025-01-09 12:00,55.938625625108045
2025-01-09 13:00,54.47141752618667
2025-01-09 14:00,54.54613920075638
2025-01-09 15:00,54.516301184245826
2025-01-09 16:00,54.784569367996326
2025-01-09 17:00,61.038883590156416
2025-01-09 18:00,53.46571176010589
2025-01-09 19:00,54.47199674231238
2025-01-09 20:00,52.82376775538978
2025-01-09 21:00,49.47038294457226
2025-01-09 22:00,46.35770475430317
2025-01-09 23:00,42.88241425891852
2025-01-10 00:00,35.81823629002799
2025-01-10 01:00,30.49589496927969
2025-01-10 02:00,21.762030019119408
2025-01-10 03:00,16.5534310483672
2025-01-10 04:00,13.050577425472952
2025-01-10 05:00,11.151018886846703
2025-01-10 06:00,10.588857760853392
2025-01-10 07:00,7.882305626293641
2025-01-10 08:00,7.109473632941802
2025-01-10 09:00,2.609112056205819
2025-01-10 10:00,2.7095931376132096
2025-01-10 11:00,2.773028815128641
2025-01-10 12:00,4.421104999581947
2025-01-10 13:00,7.540156052366485
2025-01-10 14:00,7.94706883025492
2025-01-10 15:00,10.489300068789774
2025-01-10 16:00,12.34696348938116
2025-01-10 17:00,14.651030742926917
2025-01-10 18:00,15.807341183147393
2025-01-10 19:00,19.311418837724492
2025-01-10 20:00,13.453811676980786
2025-01-10 21:00,17.031041165059708
2025-01-10 22:00,17.995696647067764
2025-01-10 23:00,13.177462562012604
2025-01-11 00:00,13.343416292572527
2025-01-11 01:00,13.553392124722059
2025-01-11 02:00,11.925935964099033
2025-01-11 03:00,7.013224499546637
2025-01-11 04:00,7.219531379968283
2025-01-11 05:00,5.935272218934715
2025-01-11 06:00,3.724434717628155
2025-01-11 07:00,5.42268342579236
2025-01-11 08:00,1.8115204189496668
2025-01-11 09:00,3.1724425774765614
2025-01-11 10:00,1.8957843106457941
2025-01-11 11:00,1.7253304915115193
2025-01-11 12:00,0.5555928423808685
2025-01-11 13:00,0.6383198362626225
2025-01-11 14:00,0.748817963419202
2025-01-11 15:00,1.0052169322215674
2025-01-11 16:00,1.1897683998119812
2025-01-11 17:00,2.7246145680933815
2025-01-11 18:00,5.222960645750037
2025-01-11 19:00,5.471474925517856
2025-01-11 20:00,3.687640132945667
2025-01-11 21:00,10.467041096225605
2025-01-11 22:00,10.761758932201394
2025-01-11 23:00,9.135089229580426
2025-01-12 00:00,5.208682733265141
2025-01-12 01:00,4.394328471801615
2025-01-12 02:00,4.295655489415526
2025-01-12 03:00,3.552552615015971
2025-01-12 04:00,5.578456396507724
2025-01-12 05:00,7.23600657171205
2025-01-12 06:00,6.574929763972695
2025-01-12 07:00,5.085932692651365
2025-01-12 08:00,5.670348584567626
2025-01-12 09:00,2.9383515299522767
2025-01-12 10:00,1.6951922788670137
2025-01-12 11:00,0.9374982342404243
2025-01-12 12:00,0.7013666008079612
2025-01-12 13:00,0.5380604578041523
2025-01-12 14:00,1.7832812937273104
2025-01-12 15:00,1.9181778500710134
2025-01-12 16:00,0.5411848199780553
2025-01-12 17:00,3.708980916079822
2025-01-12 18:00,4.784783279709935
2025-01-12 19:00,8.574679541724478
2025-01-12 20:00,9.576275246233898
2025-01-12 21:00,8.020560003357962
2025-01-12 22:00,7.066206798018854
2025-01-12 23:00,5.77774341087402
2025-01-13 00:00,2.2749652761568155
2025-01-13 01:00,2.70418671850649
2025-01-13 02:00,3.014640966323802
2025-01-13 03:00,2.0591035090104586
2025-01-13 04:00,1.2740677849084914
2025-01-13 05:00,3.3101720579525473
2025-01-13 06:00,3.2745571900982626
2025-01-13 07:00,4.534516792975644
2025-01-13 08:00,3.5852606759082297
2025-01-13 09:00,4.711566785184028
2025-01-13 10:00,4.135828321390072
2025-01-13 11:00,3.154765857988802
2025-01-13 12:00,3.8508557046832497
2025-01-13 13:00,3.198361553223351
2025-01-13 14:00,2.9875494506369145
2025-01-13 15:00,4.927565911277778
2025-01-13 16:00,5.05359194467338
2025-01-13 17:00,4.9459610179586315
2025-01-13 18:00,8.607058144055625
2025-01-13 19:00,22.40471789867072
2025-01-13 20:00,32.821676715910435
2025-01-13 21:00,34.79119860784069
2025-01-13 22:00,36.2177055763644
2025-01-13 23:00,33.637605814036974
2025-01-14 00:00,34.21611407189499
2025-01-14 01:00,33.718295875366906
2025-01-14 02:00,32.508697630871566
2025-01-14 03:00,23.917016787758307
2025-01-14 04:00,17.644498230804537
2025-01-14 05:00,15.806061814477701
2025-01-14 06:00,12.524819034815163
2025-01-14 07:00,11.456369608023257
2025-01-14 08:00,10.95055054614746
2025-01-14 09:00,10.666804971432736
2025-01-14 10:00,9.253307538819925
2025-01-14 11:00,8.358997871771717
2025-01-14 12:00,9.21316175519985
2025-01-14 13:00,11.992514062452592
2025-01-14 14:00,12.895547081892115
2025-01-14 15:00,17.345058684371818
2025-01-14 16:00,16.470479620766792
2025-01-14 17:00,27.551107257123483
2025-01-14 18:00,33.58661596390032
2025-01-14 19:00,39.2985556303888
2025-01-14 20:00,40.31397479717936
2025-01-14 21:00,42.009483086261916
2025-01-14 22:00,45.62793626189437
2025-01-14 23:00,48.60807973660647
2025-01-15 00:00,45.82317499654649
2025-01-15 01:00,45.8559504036172
2025-01-15 02:00,50.149081564360706
2025-01-15 03:00,50.793048082256384
2025-01-15 04:00,47.63298288027059
2025-01-15 05:00,43.55438789172813
2025-01-15 06:00,43.84884645027819
2025-01-15 07:00,39.70321066148117
2025-01-15 08:00,39.58885759515307
2025-01-15 09:00,37.176841927937794
2025-01-15 10:00,36.183609937828486
2025-01-15 11:00,42.090775638683866
2025-01-15 12:00,42.5329261456771
2025-01-15 13:00,42.27635563062285
2025-01-15 14:00,44.36727177138589
2025-01-15 15:00,42.976064426957485
2025-01-15 16:00,41.31728688246376
2025-01-15 17:00,37.6801584706531
2025-01-15 18:00,40.08613085239938
2025-01-15 19:00,42.601334860181204
2025-01-15 20:00,46.25608633046494
2025-01-15 21:00,38.742880020162275
2025-01-15 22:00,32.84179055095227
2025-01-15 23:00,16.257294296112473
2025-01-16 00:00,14.000205028465958
2025-01-16 01:00,7.643589537847085
2025-01-16 02:00,4.9358617136470935
2025-01-16 03:00,3.39878802667796
2025-01-16 04:00,4.327594154056848
2025-01-16 05:00,7.041604112835137
2025-01-16 06:00,9.87275619545333
2025-01-16 07:00,10.848756625611788
2025-01-16 08:00,8.187698438473472
2025-01-16 09:00,8.226828859254404
2025-01-16 10:00,10.663742197008172
2025-01-16 11:00,16.263390069244334
2025-01-16 12:00,13.392724344624181
2025-01-16 13:00,16.908621456595974
2025-01-16 14:00,19.156995111423264
2025-01-16 15:00,17.389777130421898
2025-01-16 16:00,18.979126075810697
2025-01-16 17:00,20.416466417431927
2025-01-16 18:00,22.304902380065762
2025-01-16 19:00,24.79126015099171
2025-01-16 20:00,19.95890288707043
2025-01-16 21:00,14.060769676817916
2025-01-16 22:00,15.191332896997833
2025-01-16 23:00,17.194020112721773
2025-01-17 00:00,19.351857279620994
2025-01-17 01:00,15.030501348046698
2025-01-17 02:00,16.661964490559566
2025-01-17 03:00,16.71288558122495
2025-01-17 04:00,14.578537204234234
2025-01-17 05:00,14.474572519518468
2025-01-17 06:00,9.405144794881299
2025-01-17 07:00,7.3444505361970505
2025-01-17 08:00,5.685143405394971
2025-01-17 09:00,4.223835805551038
2025-01-17 10:00,5.291310107500865
2025-01-17 11:00,8.430439528698395
2025-01-17 12:00,4.751307403760843
2025-01-17 13:00,8.032917947526826
2025-01-17 14:00,11.38626235306284
2025-01-17 15:00,14.521763479864562
2025-01-17 16:00,17.28399405622122
2025-01-17 17:00,22.496024268761495
2025-01-17 18:00,20.6017695140056
2025-01-17 19:00,18.875405623366017
2025-01-17 20:00,19.24748797517169
2025-01-17 21:00,14.27667866086033
2025-01-17 22:00,11.032396833143096
2025-01-17 23:00,6.34724648080258
2025-01-18 00:00,8.248181951476097
2025-01-18 01:00,5.56961943554471
2025-01-18 02:00,3.5634364738613096
2025-01-18 03:00,3.2297852358565944
2025-01-18 04:00,4.2192705827730554
2025-01-18 05:00,6.827264163499494
2025-01-18 06:00,6.763045113493383
2025-01-18 07:00,5.003992784481228
2025-01-18 08:00,4.532706511014627
2025-01-18 09:00,2.636171720860468
2025-01-18 10:00,3.033211952168435
2025-01-18 11:00,2.6791855092320147
2025-01-18 12:00,1.8032951742698506
2025-01-18 13:00,1.4580106146151905
2025-01-18 14:00,1.2366907320223122
2025-01-18 15:00,1.9760505669124648
2025-01-18 16:00,1.80962665875198
2025-01-18 17:00,3.1308462984357037
2025-01-18 18:00,3.215378258978069
2025-01-18 19:00,3.84170568937835
2025-01-18 20:00,4.989863458337297
2025-01-18 21:00,5.08272521918838
2025-01-18 22:00,4.295605086123686
2025-01-18 23:00,2.9603845096461185
2025-01-19 00:00,3.5819492501152173
2025-01-19 01:00,5.6371356233921865
2025-01-19 02:00,4.192121724108882
2025-01-19 03:00,3.9770805335506987
2025-01-19 04:00,5.413761132287818
2025-01-19 05:00,2.8025381923846786
2025-01-19 06:00,3.406799558992509
2025-01-19 07:00,2.490467202759418
2025-01-19 08:00,3.122576819544359
2025-01-19 09:00,3.000470650558822
2025-01-19 10:00,3.151624966719625
2025-01-19 11:00,2.2561854599658178
2025-01-19 12:00,2.977740775936715
2025-01-19 13:00,3.112083362736451
2025-01-19 14:00,2.8561903071533683
2025-01-19 15:00,3.1257695903088254
2025-01-19 16:00,3.190217005272484
2025-01-19 17:00,4.974640928115754
2025-01-19 18:00,4.473318282865532
2025-01-19 19:00,5.239051249124637
2025-01-19 20:00,6.216234356796658
2025-01-19 21:00,6.753835920315428
2025-01-19 22:00,8.108326419150991
2025-01-19 23:00,6.29116070012996
2025-01-20 00:00,5.20366934646529
2025-01-20 01:00,5.691370107498647
2025-01-20 02:00,5.86127388544548
2025-01-20 03:00,5.911309306821543
2025-01-20 04:00,5.749858469601679
2025-01-20 05:00,5.118281159195317
2025-01-20 06:00,4.818614379925227
2025-01-20 07:00,5.197467013194165
2025-01-20 08:00,4.633785192518825
2025-01-20 09:00,4.082462361029327
2025-01-20 10:00,3.0789712613111893
2025-01-20 11:00,3.210464167346924
2025-01-20 12:00,2.581430476460307
2025-01-20 13:00,3.630786060513091
2025-01-20 14:00,4.31724545141074
2025-01-20 15:00,4.756522633902298
2025-01-20 16:00,5.1115472516194185
2025-01-20 17:00,4.04092735778351
2025-01-20 18:00,5.020721587927122
2025-01-20 19:00,5.1484373801343315
2025-01-20 20:00,9.691746681284286
2025-01-20 21:00,11.349515253427263
2025-01-20 22:00,7.725673564753783
2025-01-20 23:00,9.02568178314936
2025-01-21 00:00,6.464543155576787
2025-01-21 01:00,5.811972167548805
2025-01-21 02:00,5.555867769712329
2025-01-21 03:00,5.323715493586476
2025-01-21 04:00,5.429210435289003
2025-01-21 05:00,5.421161867135833
2025-01-21 06:00,5.46303447144197
2025-01-21 07:00,5.78318598959111
2025-01-21 08:00,6.013037635448185
2025-01-21 09:00,4.05862427563841
2025-01-21 10:00,4.058950515264936
2025-01-21 11:00,3.6951007128267066
2025-01-21 12:00,2.3443377196323483
2025-01-21 13:00,2.4494927370669903
2025-01-21 14:00,2.7611415889295428
2025-01-21 15:00,3.6287695280050363
2025-01-21 16:00,3.8489418238396076
2025-01-21 17:00,2.998498996447085
2025-01-21 18:00,3.219916370642058
2025-01-21 19:00,4.436798706926571
2025-01-21 20:00,5.660428280494605
2025-01-21 21:00,4.861538175838495
2025-01-21 22:00,5.394149356716968
2025-01-21 23:00,6.731204902787117
2025-01-22 00:00,4.987011250046163
2025-01-22 01:00,5.332348869559862
2025-01-22 02:00,5.918683313025857
2025-01-22 03:00,6.486790269390956
2025-01-22 04:00,7.5954210706072995
2025-01-22 05:00,6.634440914983367
2025-01-22 06:00,7.828609853111026
2025-01-22 07:00,6.66806150042414
2025-01-22 08:00,4.705367302628516
2025-01-22 09:00,4.344209100199999
2025-01-22 10:00,7.299019601076163
2025-01-22 11:00,10.340467122319097
2025-01-22 12:00,5.771126848727731
2025-01-22 13:00,4.572112954414313
2025-01-22 14:00,5.321538119380103
2025-01-22 15:00,5.8437346391035945
2025-01-22 16:00,5.2411255396710725
2025-01-22 17:00,5.241715671428724
2025-01-22 18:00,4.399532632626985
2025-01-22 19:00,4.834351184554765
2025-01-22 20:00,4.284995560460733
2025-01-22 21:00,3.686780246764948
2025-01-22 22:00,4.4911997831619015
2025-01-22 23:00,4.409251841327481
2025-01-23 00:00,3.248381982725966
2025-01-23 01:00,3.8767931410431693
2025-01-23 02:00,3.460958628010473
2025-01-23 03:00,4.600093644817395
2025-01-23 04:00,4.483186277245909
2025-01-23 05:00,6.489724148722048
2025-01-23 06:00,7.727235670494091
2025-01-23 07:00,5.621815564768979
2025-01-23 08:00,4.03348534358027
2025-01-23 09:00,4.682397306710887
2025-01-23 10:00,4.365601714572096
2025-01-23 11:00,4.543007721340738
2025-01-23 12:00,4.626937150489508
2025-01-23 13:00,5.665528803543052
2025-01-23 14:00,7.249141528654917
2025-01-23 15:00,8.334840383378436
2025-01-23 16:00,9.497806708607104
2025-01-23 17:00,12.013768181070693
2025-01-23 18:00,18.576440030652304
2025-01-23 19:00,18.573352789398573
2025-01-23 20:00,19.98217270139432
2025-01-23 21:00,11.563219055501843
2025-01-23 22:00,9.684388268445224
2025-01-23 23:00,9.33833020380582
2025-01-24 00:00,10.276245431217118
2025-01-24 01:00,11.779476514905728
2025-01-24 02:00,11.757118180598201
2025-01-24 03:00,13.127572321424767
2025-01-24 04:00,14.271135285737495
2025-01-24 05:00,15.040009545670413
2025-01-24 06:00,16.023958258566857
2025-01-24 07:00,14.369931062566318
2025-01-24 08:00,12.026870656489779
2025-01-24 09:00,9.290654502936803
2025-01-24 10:00,11.880556660813637
2025-01-24 11:00,13.90168886097168
2025-01-24 12:00,16.450563379826903
2025-01-24 13:00,20.78146097321204
2025-01-24 14:00,18.956479823834417
2025-01-24 15:00,16.788101364952208
2025-01-24 16:00,14.17233462807614
2025-01-24 17:00,22.459989301374094
2025-01-24 18:00,23.95622589782487
2025-01-24 19:00,19.80516687663581
2025-01-24 20:00,23.38251517118696
2025-01-24 21:00,20.241395323101177
2025-01-24 22:00,19.438249099958856
2025-01-24 23:00,20.78564097316481
2025-01-25 00:00,22.421401857835114
2025-01-25 01:00,23.112267928129313
2025-01-25 02:00,15.530093821148878
2025-01-25 03:00,11.729242708199676
2025-01-25 04:00,9.854911044563003
2025-01-25 05:00,8.092162953466119
2025-01-25 06:00,7.719370676966257
2025-01-25 07:00,6.804611345771601
2025-01-25 08:00,6.963733752162868
2025-01-25 09:00,10.928067230559902
2025-01-25 10:00,9.87994626955906
2025-01-25 11:00,9.734409416286697
2025-01-25 12:00,10.102496308832214
2025-01-25 13:00,9.23000481940843
2025-01-25 14:00,10.382309775180318
2025-01-25 15:00,10.45224803595984
2025-01-25 16:00,8.30768194290019
2025-01-25 17:00,9.194487370917804
2025-01-25 18:00,13.755889778097204
2025-01-25 19:00,17.290888034127263
2025-01-25 20:00,18.67524998481229
2025-01-25 21:00,19.215533369010977
2025-01-25 22:00,17.592928294509704
2025-01-25 23:00,19.426618661952123
2025-01-26 00:00,20.003192401908187
2025-01-26 01:00,18.6687835629983
2025-01-26 02:00,17.076991403484726
2025-01-26 03:00,17.914404659073874
2025-01-26 04:00,18.189589884357197
2025-01-26 05:00,16.46061494688395
2025-01-26 06:00,12.490690246166228
2025-01-26 07:00,11.69316626596216
2025-01-26 08:00,3.7079810862245157
2025-01-26 09:00,4.318725399173849
2025-01-26 10:00,2.2203936049810036
2025-01-26 11:00,0.4422319323804485
2025-01-26 12:00,1.3600934635438715
2025-01-26 13:00,1.4879611374329744
2025-01-26 14:00,1.8122620432822565
2025-01-26 15:00,1.905052134188097
2025-01-26 16:00,2.0553236870342646
2025-01-26 17:00,2.988498032754523
2025-01-26 18:00,2.3917359610750215
2025-01-26 19:00,2.736287240007398
2025-01-26 20:00,3.942820833013286
2025-01-26 21:00,3.8004109136303983
2025-01-26 22:00,1.9451213969774714
2025-01-26 23:00,2.8277773655474654
2025-01-27 00:00,2.6562495494826557
2025-01-27 01:00,2.5648124024022554
2025-01-27 02:00,3.409876854731669
2025-01-27 03:00,11.573036360703302
2025-01-27 04:00,20.666637921174523
2025-01-27 05:00,25.310319965784302
2025-01-27 06:00,28.789046118036985
2025-01-27 07:00,38.75363099767818
2025-01-27 08:00,44.19479857369379
2025-01-27 09:00,45.94146277045729
2025-01-27 10:00,46.88954851299137
2025-01-27 11:00,47.75198091348445
2025-01-27 12:00,46.81116157975529
2025-01-27 13:00,52.630890302827375
2025-01-27 14:00,54.68284262921932
2025-01-27 15:00,55.708820585025904
2025-01-27 16:00,55.541752493780336
2025-01-27 17:00,54.133469697103905
2025-01-27 18:00,54.67350298829516
2025-01-27 19:00,54.7487571627354
2025-01-27 20:00,56.58836247927024
2025-01-27 21:00,54.41419570684684
2025-01-27 22:00,55.647615469624064
2025-01-27 23:00,54.52066541476123
2025-01-28 00:00,54.951936873508515
2025-01-28 01:00,55.78930936689488
2025-01-28 02:00,55.72685775626751
2025-01-28 03:00,55.94142834167489
2025-01-28 04:00,55.03969304404589
2025-01-28 05:00,55.28216789896412
2025-01-28 06:00,55.64900841803556
2025-01-28 07:00,55.61034933258202
2025-01-28 08:00,57.73993774105497
2025-01-28 09:00,56.23108376817472
2025-01-28 10:00,56.32789560675773
2025-01-28 11:00,55.22470329111716
2025-01-28 12:00,56.05692058576764
2025-01-28 13:00,56.27991380673598
2025-01-28 14:00,55.65514074825418
2025-01-28 15:00,55.19626693842253
2025-01-28 16:00,56.793358823295186
2025-01-28 17:00,55.8242675771484
2025-01-28 18:00,56.788570224236565
2025-01-28 19:00,56.59731524185063
2025-01-28 20:00,57.94115397275683
2025-01-28 21:00,56.98536420296844
2025-01-28 22:00,57.21804726851696
2025-01-28 23:00,57.32132636589845
2025-01-29 00:00,59.66723539806562
2025-01-29 01:00,56.492504155293
2025-01-29 02:00,56.287980458978964
2025-01-29 03:00,54.52733437388019
2025-01-29 04:00,55.49855482696366
2025-01-29 05:00,53.641029180843304
2025-01-29 06:00,52.633585716618704
2025-01-29 07:00,53.00220272598138
2025-01-29 08:00,53.11395084050574
2025-01-29 09:00,55.05374353399788
2025-01-29 10:00,52.9800372962804
2025-01-29 11:00,52.150251637505036
2025-01-29 12:00,50.402301362683765
2025-01-29 13:00,51.723599374447964
2025-01-29 14:00,49.485678291217624
2025-01-29 15:00,49.87331395905737
2025-01-29 16:00,50.237044011780505
2025-01-29 17:00,50.19882397850952
2025-01-29 18:00,50.547932687618605
2025-01-29 19:00,52.79743330632159
2025-01-29 20:00,47.89574695596957
2025-01-29 21:00,41.55712346408334
2025-01-29 22:00,36.76635871884075
2025-01-29 23:00,28.20556142052721
2025-01-30 00:00,21.463211269612554
2025-01-30 01:00,17.226006820278283
2025-01-30 02:00,16.584139864771295
2025-01-30 03:00,7.952489520529254
2025-01-30 04:00,6.73101479620034
2025-01-30 05:00,9.385008718972122
2025-01-30 06:00,7.877693944907516
2025-01-30 07:00,8.48640920574091
2025-01-30 08:00,6.83456521831216
2025-01-30 09:00,6.845840523624069
2025-01-30 10:00,6.887096522640975
2025-01-30 11:00,5.883684634483522
2025-01-30 12:00,4.299906686968432
2025-01-30 13:00,4.1108085340587195
2025-01-30 14:00,6.076990427556143
2025-01-30 15:00,7.12964032480253
2025-01-30 16:00,8.335276346575965
2025-01-30 17:00,8.808038265954437
2025-01-30 18:00,6.965080563324096
2025-01-30 19:00,4.868163689932489
2025-01-30 20:00,3.4194319653263574
2025-01-30 21:00,2.964566795063846
2025-01-30 22:00,3.001048154169808
2025-01-30 23:00,4.180783674756735
2025-01-31 00:00,4.055484424140243
2025-01-31 01:00,4.411257414486888
2025-01-31 02:00,6.5127883659808905
2025-01-31 03:00,7.298701180309288
2025-01-31 04:00,6.827591033272375
2025-01-31 05:00,6.6703869322751945
2025-01-31 06:00,5.0553131507992015
2025-01-31 07:00,4.106451424687826
2025-01-31 08:00,3.8390749050666866
2025-01-31 09:00,3.805950016261621
2025-01-31 10:00,4.226191397333076
2025-01-31 11:00,4.944939113599665
2025-01-31 12:00,4.6376580163411925
2025-01-31 13:00,4.798049545719014
2025-01-31 14:00,4.396715132804716
2025-01-31 15:00,3.3205279656159568
2025-01-31 16:00,2.5100585479537485
2025-01-31 17:00,2.5320866819698162
2025-01-31 18:00,2.0482133394478
2025-01-31 19:00,3.7496736991650614
2025-01-31 20:00,4.053359872223017
2025-01-31 21:00,6.174720291731995
2025-01-31 22:00,5.0919254474122955
2025-01-31 23:00,3.3746309972391693
2025-02-01 00:00,3.758292794358483
2025-02-01 01:00,2.427831029160158
2025-02-01 02:00,4.438638291655696
2025-02-01 03:00,4.207662295817344
2025-02-01 04:00,5.158704219083036
2025-02-01 05:00,7.962527169090577
2025-02-01 06:00,9.376998766271466
2025-02-01 07:00,9.470227981029943
2025-02-01 08:00,9.49586119962083
2025-02-01 09:00,11.495298516416627
2025-02-01 10:00,10.078146373972423
2025-02-01 11:00,8.544353115244112
2025-02-01 12:00,9.431980751271166
2025-02-01 13:00,9.133745143493453
2025-02-01 14:00,11.192125579464395
2025-02-01 15:00,14.084658354018696
2025-02-01 16:00,15.412145941166552
2025-02-01 17:00,16.385545474044964
2025-02-01 18:00,13.579927451941456
2025-02-01 19:00,14.186653288524216
2025-02-01 20:00,15.659157989885086
2025-02-01 21:00,14.387194607130077
2025-02-01 22:00,13.830580502354913
2025-02-01 23:00,11.136747949906919
2025-02-02 00:00,12.435550528102276
2025-02-02 01:00,8.864626029925137
2025-02-02 02:00,8.234066870319403
2025-02-02 03:00,10.711263275531227
2025-02-02 04:00,10.668094690038354
2025-02-02 05:00,12.375502750463966
2025-02-02 06:00,8.909559836865833
2025-02-02 07:00,10.280601275563814
2025-02-02 08:00,7.565519969934444
2025-02-02 09:00,6.729854420438493
2025-02-02 10:00,6.974862288776922
2025-02-02 11:00,6.685768078102728
2025-02-02 12:00,6.0170400860520665
2025-02-02 13:00,6.949727194177103
2025-02-02 14:00,8.942892244308865
2025-02-02 15:00,11.229294571425424
2025-02-02 16:00,15.020169092098739
2025-02-02 17:00,20.765968431466806
2025-02-02 18:00,23.745282690802533
2025-02-02 19:00,23.38375853625093
2025-02-02 20:00,30.83089904869718
2025-02-02 21:00,26.46230631608678
2025-02-02 22:00,31.3978697282954
2025-02-02 23:00,33.598908405550404
2025-02-03 00:00,39.90379507879278
2025-02-03 01:00,38.58765899710722
2025-02-03 02:00,43.9430360443922
2025-02-03 03:00,52.080660376055135
2025-02-03 04:00,54.40666788310229
2025-02-03 05:00,55.109704777551784
2025-02-03 06:00,55.32078643834725
2025-02-03 07:00,54.00113646429635
2025-02-03 08:00,53.90819110213182
2025-02-03 09:00,53.46545345815935
2025-02-03 10:00,51.645176640801765
2025-02-03 11:00,52.4705953859976
2025-02-03 12:00,51.63957095797598
2025-02-03 13:00,51.892077104704796
2025-02-03 14:00,52.60928623746811
2025-02-03 15:00,53.09703335308401
2025-02-03 16:00,56.18250883018876
2025-02-03 17:00,55.301747328003685
2025-02-03 18:00,56.82067778632718
2025-02-03 19:00,57.1044729002325
2025-02-03 20:00,56.40630512026048
2025-02-03 21:00,58.419431006248175
2025-02-03 22:00,56.94439117389154
2025-02-03 23:00,57.203242615828366
2025-02-04 00:00,56.54587748229274
2025-02-04 01:00,56.4128271950645
2025-02-04 02:00,55.134884864525596
2025-02-04 03:00,56.397374884695985
2025-02-04 04:00,56.08090102773653
2025-02-04 05:00,56.60637850382242
2025-02-04 06:00,56.5702570579758
2025-02-04 07:00,58.224042925704104
2025-02-04 08:00,55.84919841689306
2025-02-04 09:00,56.00511911015424
2025-02-04 10:00,55.340962474625634
2025-02-04 11:00,55.698077078504916
2025-02-04 12:00,56.40225582397352
2025-02-04 13:00,55.18272762901826
2025-02-04 14:00,56.217177034307035
2025-02-04 15:00,55.646056328054925
2025-02-04 16:00,56.0719148716124
2025-02-04 17:00,57.198999624335435
2025-02-04 18:00,58.01669703209534
2025-02-04 19:00,58.41964628490084
2025-02-04 20:00,54.54768420921147
2025-02-04 21:00,55.80759622181059
2025-02-04 22:00,53.447258619053244
2025-02-04 23:00,55.40172139766107
2025-02-05 00:00,55.07157290920898
2025-02-05 01:00,54.790568939292704
2025-02-05 02:00,52.45152830186075
2025-02-05 03:00,50.469115469473
2025-02-05 04:00,47.674243816104656
2025-02-05 05:00,48.585782573144826
2025-02-05 06:00,43.375851041619
2025-02-05 07:00,41.63445876407663
2025-02-05 08:00,33.92892622481661
2025-02-05 09:00,26.164521498364536
2025-02-05 10:00,23.968227613495557
2025-02-05 11:00,24.65004397851218
2025-02-05 12:00,26.965431943755277
2025-02-05 13:00,26.00643482336457
2025-02-05 14:00,27.980090231496636
2025-02-05 15:00,38.31463357450865
2025-02-05 16:00,48.30687602299395
2025-02-05 17:00,56.76719166462867
2025-02-05 18:00,54.14810347068792
2025-02-05 19:00,55.195712456850245
2025-02-05 20:00,54.24119339081601
2025-02-05 21:00,54.2760895273066
2025-02-05 22:00,54.702813036053
2025-02-05 23:00,51.639400985521064
2025-02-06 00:00,44.92307833115554
2025-02-06 01:00,42.260646796452455
2025-02-06 02:00,36.79987540162729
2025-02-06 03:00,23.328366749967717
2025-02-06 04:00,17.364626310878105
2025-02-06 05:00,13.682987596947124
2025-02-06 06:00,7.544823732184666
2025-02-06 07:00,4.56535024154347
2025-02-06 08:00,2.9089783371464506
2025-02-06 09:00,3.6655504087449837
2025-02-06 10:00,12.539086330993905
2025-02-06 11:00,11.584896845781797
2025-02-06 12:00,12.74081782291503
2025-02-06 13:00,23.238627809110568
2025-02-06 14:00,22.856683899617504
2025-02-06 15:00,34.29334682947488
2025-02-06 16:00,36.87529808433083
2025-02-06 17:00,32.495266153325744
2025-02-06 18:00,46.315781940376226
2025-02-06 19:00,44.80351911107755
2025-02-06 20:00,49.44932136663668
2025-02-06 21:00,42.605923155034205
2025-02-06 22:00,36.83031473450896
2025-02-06 23:00,35.274457042197284
2025-02-07 00:00,32.957239027137135
2025-02-07 01:00,26.231429117664966
2025-02-07 02:00,17.087984934509038
2025-02-07 03:00,12.350390943326909
2025-02-07 04:00,18.996754837865865
2025-02-07 05:00,10.702525942692088
2025-02-07 06:00,29.98142623522079
2025-02-07 07:00,45.60778863805409
2025-02-07 08:00,53.99629273934989
2025-02-07 09:00,55.236815414352044
2025-02-07 10:00,54.75282409898127
2025-02-07 11:00,59.89076715487343
2025-02-07 12:00,60.815625814628945
2025-02-07 13:00,56.69785574926743
2025-02-07 14:00,55.94836242063048
2025-02-07 15:00,54.720088778929245
2025-02-07 16:00,59.69286432369012
2025-02-07 17:00,55.05969132688792
2025-02-07 18:00,56.9148442856664
2025-02-07 19:00,55.610020657147864
2025-02-07 20:00,54.52499186950565
2025-02-07 21:00,54.05967871180369
2025-02-07 22:00,53.74835218907827
2025-02-07 23:00,53.577560237958686
2025-02-08 00:00,57.61163459384131
2025-02-08 01:00,51.594038733988505
2025-02-08 02:00,49.506536694375995
2025-02-08 03:00,51.02596971072243
2025-02-08 04:00,51.22293236946932
2025-02-08 05:00,48.45454183964835
2025-02-08 06:00,39.265807483860534
2025-02-08 07:00,39.41172725384128
2025-02-08 08:00,41.88825222696204
2025-02-08 09:00,40.7230862872756
2025-02-08 10:00,47.16528234384179
2025-02-08 11:00,50.96683067549295
2025-02-08 12:00,52.63710857957089
2025-02-08 13:00,54.746236435105224
2025-02-08 14:00,56.49568301655555
2025-02-08 15:00,52.33438174453728
2025-02-08 16:00,48.38439224474633
2025-02-08 17:00,41.99031357609601
2025-02-08 18:00,37.23988505447895
2025-02-08 19:00,18.358535043451383
2025-02-08 20:00,20.280308441425284
2025-02-08 21:00,12.924779835803864
2025-02-08 22:00,9.893923543951047
2025-02-08 23:00,9.358517627548997
2025-02-09 00:00,7.049524340721492
2025-02-09 01:00,1.4600234766679716
2025-02-09 02:00,2.4046984836988856
2025-02-09 03:00,2.894173652058746
2025-02-09 04:00,1.8778589030999042
2025-02-09 05:00,1.7305494661407654
2025-02-09 06:00,3.551400150312184
2025-02-09 07:00,2.7293362994995607
2025-02-09 08:00,4.315867649827271
2025-02-09 09:00,5.250582728481787
2025-02-09 10:00,3.9045029355122645
2025-02-09 11:00,5.991624952875813
2025-02-09 12:00,10.734891480014273
2025-02-09 13:00,12.708027199458781
2025-02-09 14:00,14.545088310417206
2025-02-09 15:00,14.177430419171532
2025-02-09 16:00,15.014673281846994
2025-02-09 17:00,15.36600842506107
2025-02-09 18:00,15.816691042002521
2025-02-09 19:00,13.616986312824997
2025-02-09 20:00,14.75560936326163
2025-02-09 21:00,12.70379479803256
2025-02-09 22:00,13.721021804556543
2025-02-09 23:00,13.51914885023257
2025-02-10 00:00,15.619725444121944
2025-02-10 01:00,10.698018512246815
2025-02-10 02:00,8.925982106963408
2025-02-10 03:00,9.178583456543736
2025-02-10 04:00,5.856877876277172
2025-02-10 05:00,4.636452317000482
2025-02-10 06:00,2.269255831455206
2025-02-10 07:00,2.336196069034669
2025-02-10 08:00,2.0183793137244472
2025-02-10 09:00,1.907359258040555
2025-02-10 10:00,4.514068227977706
2025-02-10 11:00,6.4002100907392006
2025-02-10 12:00,5.468484505195021
2025-02-10 13:00,9.779811299142253
2025-02-10 14:00,13.4586073900038
2025-02-10 15:00,14.462644465041425
2025-02-10 16:00,15.185257749571594
2025-02-10 17:00,20.64461634340808
2025-02-10 18:00,10.936379716973285
2025-02-10 19:00,6.4375171500997705
2025-02-10 20:00,4.857644658985216
2025-02-10 21:00,2.4822858918031963
2025-02-10 22:00,0.6607344244288511
2025-02-10 23:00,1.001732454876653
2025-02-11 00:00,0.8519358315093326
2025-02-11 01:00,3.9877781287254432
2025-02-11 02:00,4.2042323164698745
2025-02-11 03:00,3.8570707403615474
2025-02-11 04:00,4.18070691185924
2025-02-11 05:00,2.797653642629287
2025-02-11 06:00,2.039143537106737
2025-02-11 07:00,2.110229014869027
2025-02-11 08:00,1.8998218636330908
2025-02-11 09:00,0.6511629326276608
2025-02-11 10:00,0.0
2025-02-11 11:00,0.27968404796231483
2025-02-11 12:00,0.0
2025-02-11 13:00,0.6264244812876842
2025-02-11 14:00,0.7507395302141389
2025-02-11 15:00,1.040712957605771
2025-02-11 16:00,1.4185600536563379
2025-02-11 17:00,1.7323439025190415
2025-02-11 18:00,2.4051918402149473
2025-02-11 19:00,3.615358163396197
2025-02-11 20:00,6.050159390751874
2025-02-11 21:00,6.17217972590433
2025-02-11 22:00,4.102365871547921
2025-02-11 23:00,2.302416555237599
2025-02-12 00:00,2.7719677557033506
2025-02-12 01:00,1.7981964789032885
2025-02-12 02:00,3.1703431706275196
2025-02-12 03:00,3.5080827867789988
2025-02-12 04:00,3.500128672609331
2025-02-12 05:00,5.165737373805326
2025-02-12 06:00,16.11947431441853
2025-02-12 07:00,20.156526790466543
2025-02-12 08:00,24.65495215428315
2025-02-12 09:00,21.0275393375861
2025-02-12 10:00,24.37411306876472
2025-02-12 11:00,22.654920911857705
2025-02-12 12:00,26.322665436601753
2025-02-12 13:00,28.196572231107286
2025-02-12 14:00,38.7161339680548
2025-02-12 15:00,45.611410567044366
2025-02-12 16:00,54.780485279639926
2025-02-12 17:00,56.9530127779296
2025-02-12 18:00,56.45919999767576
2025-02-12 19:00,56.76766099072839
2025-02-12 20:00,57.1579465781842
2025-02-12 21:00,55.6412262735826
2025-02-12 22:00,54.85450085392743
2025-02-12 23:00,53.708496029426826
2025-02-13 00:00,52.13499529577165
2025-02-13 01:00,51.349617048707536
2025-02-13 02:00,46.85379758616896
2025-02-13 03:00,41.93855121436104
2025-02-13 04:00,37.39178444801926
2025-02-13 05:00,23.047050580273027
2025-02-13 06:00,6.186065283684305
2025-02-13 07:00,2.354990043063628
2025-02-13 08:00,1.3673288688441043
2025-02-13 09:00,1.2823772786159389
2025-02-13 10:00,3.066827019866195
2025-02-13 11:00,3.046992860315843
2025-02-13 12:00,3.8977010202625735
2025-02-13 13:00,4.284239668440469
2025-02-13 14:00,11.401309568420041
2025-02-13 15:00,12.683457278009868
2025-02-13 16:00,16.374211268993054
2025-02-13 17:00,15.902769303797644
2025-02-13 18:00,16.1884841646007
2025-02-13 19:00,14.538484139798825
2025-02-13 20:00,6.036855713466872
2025-02-13 21:00,3.5502100028288455
2025-02-13 22:00,1.7976855043117048
2025-02-13 23:00,1.9198905151029655
2025-02-14 00:00,4.610260704980977
2025-02-14 01:00,6.11989517952906
2025-02-14 02:00,5.4845154149045605
2025-02-14 03:00,4.469564048988953
2025-02-14 04:00,4.717060058632475
2025-02-14 05:00,4.813271515957991
2025-02-14 06:00,4.568638631744504
2025-02-14 07:00,3.8647380566175284
2025-02-14 08:00,1.7908572293332694
2025-02-14 09:00,1.2366539261025087
2025-02-14 10:00,0.9759913715508247
2025-02-14 11:00,1.5265459179312262
2025-02-14 12:00,1.2634223468514933
2025-02-14 13:00,2.0270036221840537
2025-02-14 14:00,2.2204128047341465
2025-02-14 15:00,2.1497401312486604
2025-02-14 16:00,1.4051008638898903
2025-02-14 17:00,1.1330097488386615
2025-02-14 18:00,1.1921240474057617
2025-02-14 19:00,1.0815692862560744
2025-02-14 20:00,0.42420630428466566
2025-02-14 21:00,0.11828223020120741
2025-02-14 22:00,3.114479554147946
2025-02-14 23:00,5.112960594373365
2025-02-15 00:00,6.1417655385421694
2025-02-15 01:00,9.437657826732671
2025-02-15 02:00,5.396661055542282
2025-02-15 03:00,5.473446193152594
2025-02-15 04:00,6.451556079381959
2025-02-15 05:00,5.064175743208532
2025-02-15 06:00,3.4673142290950936
2025-02-15 07:00,3.669532295968814
2025-02-15 08:00,1.5068174340588827
2025-02-15 09:00,1.181850571683709
2025-02-15 10:00,0.6500903795278674
2025-02-15 11:00,0.8346230718135098
2025-02-15 12:00,1.3615370357604875
2025-02-15 13:00,1.1984423543057512
2025-02-15 14:00,1.452123733702219
2025-02-15 15:00,1.6483620749261971
2025-02-15 16:00,1.454363633252173
2025-02-15 17:00,2.1158938026596013
2025-02-15 18:00,2.6500290919161964
2025-02-15 19:00,2.4539730556947434
2025-02-15 20:00,2.1651369566892917
2025-02-15 21:00,1.5728258794198562
2025-02-15 22:00,1.6415281140496205
2025-02-15 23:00,1.7226069039503715
2025-02-16 00:00,3.36384838628063
2025-02-16 01:00,3.908298082692225
2025-02-16 02:00,2.808171057483025
2025-02-16 03:00,2.537685502070289
2025-02-16 04:00,2.763791143169001
2025-02-16 05:00,3.4655460558478364
2025-02-16 06:00,3.407565952121203
2025-02-16 07:00,4.683704144159553
2025-02-16 08:00,5.47676213958117
2025-02-16 09:00,4.51680981034895
2025-02-16 10:00,4.657044495683785
2025-02-16 11:00,5.05772732251472
2025-02-16 12:00,5.475685898434532
2025-02-16 13:00,8.915817640189347
2025-02-16 14:00,12.31974815103158
2025-02-16 15:00,13.91223180871445
2025-02-16 16:00,19.634584445033212
2025-02-16 17:00,27.52778847991745
2025-02-16 18:00,31.118303651165206
2025-02-16 19:00,37.39209307457809
2025-02-16 20:00,42.22776180198125
2025-02-16 21:00,48.55566010083606
2025-02-16 22:00,53.70297191614919
2025-02-16 23:00,53.49695073627124
2025-02-17 00:00,53.29231281560703
2025-02-17 01:00,52.89161476070837
2025-02-17 02:00,51.31921503522801
2025-02-17 03:00,50.74942127864143
2025-02-17 04:00,49.82062853221794
2025-02-17 05:00,52.24162141897723
2025-02-17 06:00,49.6727415791572
2025-02-17 07:00,50.37946147835004
2025-02-17 08:00,50.689401931323005
2025-02-17 09:00,50.96234649587489
2025-02-17 10:00,50.097970523159034
2025-02-17 11:00,49.7552450029559
2025-02-17 12:00,47.67341633215917
2025-02-17 13:00,48.29489892234247
2025-02-17 14:00,47.474657432958715
2025-02-17 15:00,48.01581048423514
2025-02-17 16:00,48.288618063655804
2025-02-17 17:00,48.14162990606488
2025-02-17 18:00,46.86628954088741
2025-02-17 19:00,45.1809543803592
2025-02-17 20:00,43.267473397536996
2025-02-17 21:00,43.80033846606168
2025-02-17 22:00,41.65927074500936
2025-02-17 23:00,43.27592487613615
2025-02-18 00:00,43.43237525495604
2025-02-18 01:00,40.10381762695123
2025-02-18 02:00,39.54846156970404
2025-02-18 03:00,40.239370962694274
2025-02-18 04:00,41.47554375196055
2025-02-18 05:00,40.074884261582476
2025-02-18 06:00,39.24495360129449
2025-02-18 07:00,42.711587111279215
2025-02-18 08:00,47.439149940455785
2025-02-18 09:00,43.78069446203348
2025-02-18 10:00,44.35486747837568
2025-02-18 11:00,46.20819119435117
2025-02-18 12:00,45.628024757749714
2025-02-18 13:00,45.487834390520064
2025-02-18 14:00,46.45413443590166
2025-02-18 15:00,46.61350419118005
2025-02-18 16:00,48.21005039274431
2025-02-18 17:00,47.81309630463139
2025-02-18 18:00,48.58833468302244
2025-02-18 19:00,46.3272904134241
2025-02-18 20:00,48.02928025011599
2025-02-18 21:00,45.781978788303235
2025-02-18 22:00,46.851452094183756
2025-02-18 23:00,41.503953713595735
2025-02-19 00:00,45.18691398908982
2025-02-19 01:00,42.39475819854823
2025-02-19 02:00,40.3175025683384
2025-02-19 03:00,34.09455654118846
2025-02-19 04:00,38.58809986785737
2025-02-19 05:00,41.99020095716209
2025-02-19 06:00,40.5074155377644
2025-02-19 07:00,42.701201181682826
2025-02-19 08:00,46.759305683422376
2025-02-19 09:00,49.800744408259206
2025-02-19 10:00,49.69651431086305
2025-02-19 11:00,48.73097578680376
2025-02-19 12:00,47.02820311259492
2025-02-19 13:00,46.47214742883117
2025-02-19 14:00,46.45483649693981
2025-02-19 15:00,46.240434319059446
2025-02-19 16:00,47.393989938036434
2025-02-19 17:00,47.150466163708934
2025-02-19 18:00,40.57584376066605
2025-02-19 19:00,41.68509138461949
2025-02-19 20:00,44.96307251165513
2025-02-19 21:00,37.531181239173364
2025-02-19 22:00,35.48069957980568
2025-02-19 23:00,32.91910179273774
2025-02-20 00:00,25.646452232716328
2025-02-20 01:00,17.14255925568835
2025-02-20 02:00,14.032314361774146
2025-02-20 03:00,11.854727316317733
2025-02-20 04:00,8.824470276332978
2025-02-20 05:00,7.625760164325541
2025-02-20 06:00,6.040297372488241
2025-02-20 07:00,7.187260734310847
2025-02-20 08:00,11.383937965896585
2025-02-20 09:00,13.000709548728782
2025-02-20 10:00,14.296575682662365
2025-02-20 11:00,28.275503265205923
2025-02-20 12:00,40.016941447807376
2025-02-20 13:00,43.77380740771007
2025-02-20 14:00,45.858568391310364
2025-02-20 15:00,44.757537616807824
2025-02-20 16:00,45.65898063031379
2025-02-20 17:00,46.095105482372894
2025-02-20 18:00,44.74279866670914
2025-02-20 19:00,44.68498195840115
2025-02-20 20:00,48.048995631420496
2025-02-20 21:00,45.163431564691365
2025-02-20 22:00,39.729845750006334
2025-02-20 23:00,40.279536531494145
2025-02-21 00:00,45.53737966360249
2025-02-21 01:00,43.919598611720744
2025-02-21 02:00,35.63142984227509
2025-02-21 03:00,34.03591674731462
2025-02-21 04:00,30.078911425516264
2025-02-21 05:00,22.667426197668355
2025-02-21 06:00,17.579426409813774
2025-02-21 07:00,15.843698438900306
2025-02-21 08:00,17.51099026760065
2025-02-21 09:00,14.182966903769147
2025-02-21 10:00,11.947724492599713
2025-02-21 11:00,18.71168448510969
2025-02-21 12:00,25.520383374322343
2025-02-21 13:00,26.92328913246612
2025-02-21 14:00,31.777707363054436
2025-02-21 15:00,39.51319522920234
2025-02-21 16:00,41.474554719524285
2025-02-21 17:00,38.243455243285155
2025-02-21 18:00,36.504565802012486
2025-02-21 19:00,41.054511722422184
2025-02-21 20:00,41.52958926468566
2025-02-21 21:00,39.38546396716672
2025-02-21 22:00,32.01144315740121
2025-02-21 23:00,31.53967953284968
2025-02-22 00:00,31.90043729788184
2025-02-22 01:00,36.59255512528566
2025-02-22 02:00,37.71356497016049
2025-02-22 03:00,44.34298397759302
2025-02-22 04:00,43.16409908391197
2025-02-22 05:00,40.48603888441809
2025-02-22 06:00,41.18307579018539
2025-02-22 07:00,35.100066061232084
2025-02-22 08:00,36.507149788423234
2025-02-22 09:00,31.275018299809975
2025-02-22 10:00,27.30838891649327
2025-02-22 11:00,29.290312270575253
2025-02-22 12:00,31.00650129357843
2025-02-22 13:00,34.197773816738994
2025-02-22 14:00,36.90273336242264
2025-02-22 15:00,38.311382026554924
2025-02-22 16:00,40.393093835612206
2025-02-22 17:00,39.11148823751385
2025-02-22 18:00,35.976869920352776
2025-02-22 19:00,37.55814226056617
2025-02-22 20:00,40.16263897021797
2025-02-22 21:00,35.56492384642037
2025-02-22 22:00,33.32991731201462
2025-02-22 23:00,32.604347004626646
2025-02-23 00:00,34.32177514256024
2025-02-23 01:00,26.692537068677318
2025-02-23 02:00,25.734566008607153
2025-02-23 03:00,22.180765581364962
2025-02-23 04:00,18.475918108105684
2025-02-23 05:00,17.910026135786143
2025-02-23 06:00,24.74246437283749
2025-02-23 07:00,32.20825429002869
2025-02-23 08:00,36.58182004403604
2025-02-23 09:00,42.213545749197195
2025-02-23 10:00,45.54295163552575
2025-02-23 11:00,47.78896046145315
2025-02-23 12:00,46.83349270619484
2025-02-23 13:00,48.20297109505732
2025-02-23 14:00,48.3816627159851
2025-02-23 15:00,48.09563376775856
2025-02-23 16:00,48.67525703917371
2025-02-23 17:00,48.16586147302157
2025-02-23 18:00,48.56599029731282
2025-02-23 19:00,49.28448057549224
2025-02-23 20:00,49.068646987499854
2025-02-23 21:00,48.43576008689117
2025-02-23 22:00,43.64798048535385
2025-02-23 23:00,41.80314993897952
2025-02-24 00:00,43.24940217428785
2025-02-24 01:00,42.62593885725029
2025-02-24 02:00,41.0036963601893
2025-02-24 03:00,40.980147414900564
2025-02-24 04:00,32.14067316856871
2025-02-24 05:00,20.49221458118338
2025-02-24 06:00,23.346246678471324
2025-02-24 07:00,23.258700719732907
2025-02-24 08:00,23.875266369767058
2025-02-24 09:00,20.679997670477604
2025-02-24 10:00,17.841238499034436
2025-02-24 11:00,19.430420769590665
2025-02-24 12:00,22.41633783459464
2025-02-24 13:00,26.558527125704806
2025-02-24 14:00,26.346666589234317
2025-02-24 15:00,24.477977061667254
2025-02-24 16:00,19.870230362650645
2025-02-24 17:00,23.86854629444612
2025-02-24 18:00,18.61067292059767
2025-02-24 19:00,17.504732543420726
2025-02-24 20:00,11.255937235852286
2025-02-24 21:00,4.230742662321399
2025-02-24 22:00,0.7810529851106918
2025-02-24 23:00,0.14038648601797551
2025-02-25 00:00,0.0
2025-02-25 01:00,1.5558823120475316
2025-02-25 02:00,1.653445676637948
2025-02-25 03:00,1.9265679874789632
2025-02-25 04:00,2.645138118741905
2025-02-25 05:00,3.1127054367925635
2025-02-25 06:00,2.9621552678015854
2025-02-25 07:00,3.7401088094246493
2025-02-25 08:00,2.922199816251962
2025-02-25 09:00,1.455986289596843
2025-02-25 10:00,4.55125637500164
2025-02-25 11:00,5.169973772184088
2025-02-25 12:00,6.762168237489332
2025-02-25 13:00,8.47371856578221
2025-02-25 14:00,12.122085330490991
2025-02-25 15:00,16.208664970132393
2025-02-25 16:00,14.390268814845932
2025-02-25 17:00,17.059408150232432
2025-02-25 18:00,19.57403398232047
2025-02-25 19:00,20.8774206873149
2025-02-25 20:00,23.03258886802696
2025-02-25 21:00,20.326929793800034
2025-02-25 22:00,13.667566917229301
2025-02-25 23:00,13.02921733508801
2025-02-26 00:00,14.618447325725876
2025-02-26 01:00,9.478702090059633
2025-02-26 02:00,7.283179313773705
2025-02-26 03:00,6.9277276028359305
2025-02-26 04:00,8.319833473841129
2025-02-26 05:00,7.957929067429823
2025-02-26 06:00,11.689845067165916
2025-02-26 07:00,13.26193406826598
2025-02-26 08:00,12.445888151758444
2025-02-26 09:00,8.446011758397168
2025-02-26 10:00,7.2072303332988925
2025-02-26 11:00,7.536527106956467
2025-02-26 12:00,7.852447038349447
2025-02-26 13:00,7.154205374147492
2025-02-26 14:00,5.658680526030651
2025-02-26 15:00,6.0780128497602455
2025-02-26 16:00,4.818173043830716
2025-02-26 17:00,2.3442744143665144
2025-02-26 18:00,0.7880484060136412
2025-02-26 19:00,0.7711610635022533
2025-02-26 20:00,0.6015015555533018
2025-02-26 21:00,0.4317428620889132
2025-02-26 22:00,1.0910136345079122
2025-02-26 23:00,1.6402083400749357
2025-02-27 00:00,2.304125688285138
2025-02-27 01:00,1.0905734007621841
2025-02-27 02:00,0.3476351525506739
2025-02-27 03:00,0.0
2025-02-27 04:00,0.0
2025-02-27 05:00,0.7365853612556734
2025-02-27 06:00,0.6497192900536564
2025-02-27 07:00,0.9219833324859532
2025-02-27 08:00,1.5880450469938678
2025-02-27 09:00,1.4135412396770903
2025-02-27 10:00,1.1031562660475223
2025-02-27 11:00,1.058100884771328
2025-02-27 12:00,2.379154301799665
2025-02-27 13:00,3.1106353447719095
2025-02-27 14:00,3.058829574843193
2025-02-27 15:00,5.124460125572124
2025-02-27 16:00,6.312076106240522
2025-02-27 17:00,6.336365634165855
2025-02-27 18:00,6.259669014026837
2025-02-27 19:00,5.858526785520596
2025-02-27 20:00,6.215417937116244
2025-02-27 21:00,5.597486605146535
2025-02-27 22:00,4.604584340258692
2025-02-27 23:00,2.8876355803559433
2025-02-28 00:00,2.7161647181597
2025-02-28 01:00,2.2950128749738328
2025-02-28 02:00,1.5687082080051569
2025-02-28 03:00,2.0003388865320613
2025-02-28 04:00,2.14568879848908
2025-02-28 05:00,2.4017129132296655
2025-02-28 06:00,2.441658913788685
2025-02-28 07:00,2.416591649697843
2025-02-28 08:00,2.33909837898026
2025-02-28 09:00,2.5416612719947738
2025-02-28 10:00,2.143470381390804
2025-02-28 11:00,2.997621741157436
2025-02-28 12:00,3.040339652584114
2025-02-28 13:00,3.9040101349785026
2025-02-28 14:00,1.0127828030568098
2025-02-28 15:00,1.1819195596959795
2025-02-28 16:00,1.4804846224154726
2025-02-28 17:00,3.3136829324276285
2025-02-28 18:00,1.5041769390304551
2025-02-28 19:00,0.5976257306006207
2025-02-28 20:00,1.1917149008692185
2025-02-28 21:00,1.4303827142965706
2025-02-28 22:00,2.486501209306011
2025-02-28 23:00,4.249166143397357
2025-03-01 00:00,2.4411124704418707
2025-03-01 01:00,2.8032371675067727
2025-03-01 02:00,4.598430763271662
2025-03-01 03:00,5.500189811180699
2025-03-01 04:00,3.2542281013968086
2025-03-01 05:00,3.161087059876796
2025-03-01 06:00,2.49804629644571
2025-03-01 07:00,3.5636762155611557
2025-03-01 08:00,2.2574915667734614
2025-03-01 09:00,0.8595938669173894
2025-03-01 10:00,0.4121585761604953
2025-03-01 11:00,1.6030989122944808
2025-03-01 12:00,1.5044807268650207
2025-03-01 13:00,2.7966111131197167
2025-03-01 14:00,4.111721278151737
2025-03-01 15:00,6.850832278920213
2025-03-01 16:00,7.219682381108401
2025-03-01 17:00,11.652803446530505
2025-03-01 18:00,21.036676774501
2025-03-01 19:00,20.40496422647997
2025-03-01 20:00,23.700598621901268
2025-03-01 21:00,20.6640514975318
2025-03-01 22:00,20.05611948308414
2025-03-01 23:00,20.261785164939557
2025-03-02 00:00,17.63988575522656
2025-03-02 01:00,16.4602193560284
2025-03-02 02:00,14.681701870410592
2025-03-02 03:00,14.954739333558072
2025-03-02 04:00,12.912723521695014
2025-03-02 05:00,12.425907523310327
2025-03-02 06:00,11.411714388911486
2025-03-02 07:00,11.595743475218757
2025-03-02 08:00,7.286213625216308
2025-03-02 09:00,7.731423768130817
2025-03-02 10:00,6.057349433855861
2025-03-02 11:00,10.043523962429921
2025-03-02 12:00,9.50443982582484
2025-03-02 13:00,9.288681959428851
2025-03-02 14:00,14.742083978299188
2025-03-02 15:00,15.757562079729805
2025-03-02 16:00,18.116314895700288
2025-03-02 17:00,24.579960902829747
2025-03-02 18:00,33.56326180014385
2025-03-02 19:00,44.64179373457029
2025-03-02 20:00,46.67709187368548
2025-03-02 21:00,48.897302097739434
2025-03-02 22:00,55.05576796890672
2025-03-02 23:00,56.162904446288955
2025-03-03 00:00,55.162796761725545
2025-03-03 01:00,54.71354604100354
2025-03-03 02:00,55.84092520726749
2025-03-03 03:00,56.56912208246219
2025-03-03 04:00,56.37450957633187
2025-03-03 05:00,53.27265626853041
2025-03-03 06:00,51.857823553141124
2025-03-03 07:00,54.755102528669795
2025-03-03 08:00,51.03561259472774
2025-03-03 09:00,46.584392763445635
2025-03-03 10:00,37.63573673979834
2025-03-03 11:00,32.60428914379501
2025-03-03 12:00,31.534881674165007
2025-03-03 13:00,28.127525847982533
2025-03-03 14:00,28.75809615895969
2025-03-03 15:00,28.842387914544904
2025-03-03 16:00,27.254923656033657
2025-03-03 17:00,26.057223102215264
2025-03-03 18:00,30.679496897919854
2025-03-03 19:00,22.043349457879405
2025-03-03 20:00,23.138951721470363
2025-03-03 21:00,18.953662330901675
2025-03-03 22:00,22.73031492828214
2025-03-03 23:00,20.666771721230113
2025-03-04 00:00,21.84749845574998
2025-03-04 01:00,24.371972476417113
2025-03-04 02:00,29.330169596372606
2025-03-04 03:00,31.488579538373024
2025-03-04 04:00,32.87314872902591
2025-03-04 05:00,31.894721970967733
2025-03-04 06:00,35.890584370669394
2025-03-04 07:00,34.823241666156655
2025-03-04 08:00,31.79508296442896
2025-03-04 09:00,29.866120357569457
2025-03-04 10:00,26.885621707767687
2025-03-04 11:00,25.21781973000738
2025-03-04 12:00,26.112306036400874
2025-03-04 13:00,28.985689550842505
2025-03-04 14:00,26.70920818493713
2025-03-04 15:00,32.36601681719828
2025-03-04 16:00,30.279643462119424
2025-03-04 17:00,33.61126865201372
2025-03-04 18:00,34.83529970776552
2025-03-04 19:00,33.887801012478114
2025-03-04 20:00,30.94351035201539
2025-03-04 21:00,23.345230065656814
2025-03-04 22:00,19.0943072855599
2025-03-04 23:00,12.942534326828838
2025-03-05 00:00,9.695902671262756
2025-03-05 01:00,9.918826177944817
2025-03-05 02:00,6.403900878586343
2025-03-05 03:00,6.871537127545263
2025-03-05 04:00,10.294169579772468
2025-03-05 05:00,9.670815969839618
2025-03-05 06:00,9.062371650593944
2025-03-05 07:00,8.28870825062234
2025-03-05 08:00,8.68704155242405
2025-03-05 09:00,7.8165864046540445
2025-03-05 10:00,11.755853494641977
2025-03-05 11:00,8.039289142286451
2025-03-05 12:00,10.195967557651795
2025-03-05 13:00,10.941148336780252
2025-03-05 14:00,12.200883288518886
2025-03-05 15:00,11.95342286132066
2025-03-05 16:00,15.294931524069208
2025-03-05 17:00,19.361274405866506
2025-03-05 18:00,17.968086325191198
2025-03-05 19:00,21.256702800486874
2025-03-05 20:00,25.99930974538557
2025-03-05 21:00,29.864097242004934
2025-03-05 22:00,30.536217971877083
2025-03-05 23:00,27.68227066680936
2025-03-06 00:00,26.844075592568355
2025-03-06 01:00,26.68276218607367
2025-03-06 02:00,23.6035384076508
2025-03-06 03:00,20.760995737334373
2025-03-06 04:00,14.88045931155065
2025-03-06 05:00,11.513965110526724
2025-03-06 06:00,6.14744214759665
2025-03-06 07:00,4.872375614517216
2025-03-06 08:00,9.787453942145753
2025-03-06 09:00,9.037570558684033
2025-03-06 10:00,5.1386605440056075
2025-03-06 11:00,10.831922129216116
2025-03-06 12:00,20.273113563763307
2025-03-06 13:00,25.85112041642808
2025-03-06 14:00,29.29322415261936
2025-03-06 15:00,30.39421009776305
2025-03-06 16:00,32.09465846374777
2025-03-06 17:00,27.263930069543363
2025-03-06 18:00,27.680800013221546
2025-03-06 19:00,17.743278187926666
2025-03-06 20:00,19.197051366752863
2025-03-06 21:00,12.076961598766864
2025-03-06 22:00,5.550607154666984
2025-03-06 23:00,4.096148769478604
2025-03-07 00:00,3.1898256865045593
2025-03-07 01:00,4.500279345415125
2025-03-07 02:00,3.9468374990103547
2025-03-07 03:00,3.8421470454345017
2025-03-07 04:00,4.017165776055121
2025-03-07 05:00,3.333965760148354
2025-03-07 06:00,1.4801679051747236
2025-03-07 07:00,1.2426516657557884
2025-03-07 08:00,0.37384522680235566
2025-03-07 09:00,0.0
2025-03-07 10:00,0.12762348808955745
2025-03-07 11:00,0.0
2025-03-07 12:00,0.1539541195921058
2025-03-07 13:00,1.7938232642681855
2025-03-07 14:00,1.976017664109655
2025-03-07 15:00,4.437735904336003
2025-03-07 16:00,6.498396398486661
2025-03-07 17:00,6.488669963826504
2025-03-07 18:00,4.384586238536605
2025-03-07 19:00,2.90082579059867
2025-03-07 20:00,2.407880910243026
2025-03-07 21:00,0.9972524883868965
2025-03-07 22:00,0.5917361239020436
2025-03-07 23:00,0.2632465892117948
2025-03-08 00:00,0.4566707992567669
2025-03-08 01:00,0.3303056840709427
2025-03-08 02:00,0.08402463585962493
2025-03-08 03:00,0.42102841940077235
2025-03-08 04:00,0.7173448110037035
2025-03-08 05:00,0.5222529958566091
2025-03-08 06:00,1.0686590949108816
2025-03-08 07:00,0.603148342069604
2025-03-08 08:00,1.081253730347795
2025-03-08 09:00,0.14832577796156834
2025-03-08 10:00,0.011677513588718852
2025-03-08 11:00,0.40320937458487277
2025-03-08 12:00,0.46170029746306585
2025-03-08 13:00,0.5779896726491227
2025-03-08 14:00,1.3661880278631486
2025-03-08 15:00,2.82170721251025
2025-03-08 16:00,3.3522149749697685
2025-03-08 17:00,2.724914716877144
2025-03-08 18:00,3.064635746838146
2025-03-08 19:00,2.538544197853016
2025-03-08 20:00,2.1629947093073048
2025-03-08 21:00,1.2533352032102711
2025-03-08 22:00,1.02395546545307
2025-03-08 23:00,0.9994765647053596
2025-03-09 00:00,1.7713790700649525
2025-03-09 01:00,2.3203595373269583
2025-03-09 02:00,2.5956190789650004
2025-03-09 03:00,3.1112728917025154
2025-03-09 04:00,2.65415023271766
2025-03-09 05:00,1.8910452499827297
2025-03-09 06:00,0.6580426059681124
2025-03-09 07:00,1.5226327214492066
2025-03-09 08:00,0.6017239681725659
2025-03-09 09:00,2.177373733435096
2025-03-09 10:00,1.5711974974507772
2025-03-09 11:00,1.774525076423871
2025-03-09 12:00,3.1393991292977725
2025-03-09 13:00,4.54764940636514
2025-03-09 14:00,5.175550412975348
2025-03-09 15:00,6.931140144274235
2025-03-09 16:00,7.024217141703521
2025-03-09 17:00,6.623732165299816
2025-03-09 18:00,5.868633940841112
2025-03-09 19:00,5.937618626707205
2025-03-09 20:00,4.489133699969634
2025-03-09 21:00,2.8424345199249976
2025-03-09 22:00,3.7711856808914095
2025-03-09 23:00,3.06948308544613
2025-03-10 00:00,1.7758279724730808
2025-03-10 01:00,1.7876249179097965
2025-03-10 02:00,1.4161058206579236
2025-03-10 03:00,1.3490148147500287
2025-03-10 04:00,0.825781551272456
2025-03-10 05:00,1.9032303033268856
2025-03-10 06:00,1.4274854703592805
2025-03-10 07:00,1.7654802125938016
2025-03-10 08:00,2.7751819545919933
2025-03-10 09:00,3.299699797849792
2025-03-10 10:00,2.7432046860612576
2025-03-10 11:00,1.9512409246503515
2025-03-10 12:00,1.5234946646107184
2025-03-10 13:00,2.9416535345287356
2025-03-10 14:00,1.8740585459272157
2025-03-10 15:00,1.4402384592165978
2025-03-10 16:00,1.4909834822784478
2025-03-10 17:00,1.2293659044368281
2025-03-10 18:00,1.0125110910410493
2025-03-10 19:00,1.7819917258717322
2025-03-10 20:00,0.6158456536196796
2025-03-10 21:00,0.783007927287758
2025-03-10 22:00,1.3531629008184094
2025-03-10 23:00,0.1890155016162838
2025-03-11 00:00,0.0
2025-03-11 01:00,1.6133584117737272
2025-03-11 02:00,2.0468804365360507
2025-03-11 03:00,6.940071153154894
2025-03-11 04:00,7.345641918722196
2025-03-11 05:00,7.004840860577367
2025-03-11 06:00,5.528558042684271
2025-03-11 07:00,4.7845374409543915
2025-03-11 08:00,2.914586865888543
2025-03-11 09:00,3.301702423124293
2025-03-11 10:00,1.146516669628256
2025-03-11 11:00,0.04032721223026608
2025-03-11 12:00,0.0
2025-03-11 13:00,0.11468333668872398
2025-03-11 14:00,0.2828509650166213
2025-03-11 15:00,0.3827757752901133
2025-03-11 16:00,1.3396555526269303
2025-03-11 17:00,3.24418739810923
2025-03-11 18:00,3.9984832232561054
2025-03-11 19:00,4.898678186742853
2025-03-11 20:00,4.125159181335473
2025-03-11 21:00,3.8850497479961934
2025-03-11 22:00,2.5954184327679055
2025-03-11 23:00,1.7633196178404034
2025-03-12 00:00,1.1148258817732355
2025-03-12 01:00,0.7711050593075899
2025-03-12 02:00,0.6693835750610724
2025-03-12 03:00,0.2252279653428074
2025-03-12 04:00,0.9003378409050452
2025-03-12 05:00,1.3235997308209744
2025-03-12 06:00,1.75895409929186
2025-03-12 07:00,1.8473517318816413
2025-03-12 08:00,1.9638537042796194
2025-03-12 09:00,0.9476163147138984
2025-03-12 10:00,0.0
2025-03-12 11:00,1.12541479830206
2025-03-12 12:00,2.088046156650469
2025-03-12 13:00,2.7420397972271187
2025-03-12 14:00,2.5995372545013313
2025-03-12 15:00,1.7413149829038619
2025-03-12 16:00,2.6907412203550347
2025-03-12 17:00,3.753252038425196
2025-03-12 18:00,2.8920950461981576
2025-03-12 19:00,6.288952624973583
2025-03-12 20:00,5.8023027069485105
2025-03-12 21:00,4.985646103860693
2025-03-12 22:00,6.524920636241
2025-03-12 23:00,8.020092190936877
2025-03-13 00:00,7.747726986937543
2025-03-13 01:00,6.352729447403691
2025-03-13 02:00,9.21665069058873
2025-03-13 03:00,11.837384535318648
2025-03-13 04:00,13.992853175113153
2025-03-13 05:00,16.047005228131027
2025-03-13 06:00,15.130388339085869
2025-03-13 07:00,16.352001415231655
2025-03-13 08:00,16.981114390665113
2025-03-13 09:00,25.496930134696
2025-03-13 10:00,27.013412328126766
2025-03-13 11:00,29.10015045836383
2025-03-13 12:00,32.20733252847254
2025-03-13 13:00,32.08340411075698
2025-03-13 14:00,35.32981908295463
2025-03-13 15:00,35.17987307501488
2025-03-13 16:00,37.058764176190294
2025-03-13 17:00,31.98463025075834
2025-03-13 18:00,25.953388488106363
2025-03-13 19:00,24.566259463677213
2025-03-13 20:00,31.039308769710747
2025-03-13 21:00,23.460907601721697
2025-03-13 22:00,16.402752315083323
2025-03-13 23:00,14.002283988326328
2025-03-14 00:00,11.237892400892626
2025-03-14 01:00,11.50112992595515
2025-03-14 02:00,7.1799432272603525
2025-03-14 03:00,7.769740245036107
2025-03-14 04:00,8.875478928377554
2025-03-14 05:00,8.593646093876263
2025-03-14 06:00,6.57092848591958
2025-03-14 07:00,9.232465148044309
2025-03-14 08:00,7.877686139182333
2025-03-14 09:00,10.298712686997442
2025-03-14 10:00,8.511731547257373
2025-03-14 11:00,9.93646143630866
2025-03-14 12:00,9.377454333653814
2025-03-14 13:00,8.821164486107953
2025-03-14 14:00,10.246682552456326
2025-03-14 15:00,10.478319847435312
2025-03-14 16:00,11.706646672498229
2025-03-14 17:00,12.598720278945692
2025-03-14 18:00,13.110888090274063
2025-03-14 19:00,9.490734998847635
2025-03-14 20:00,9.03252763599562
2025-03-14 21:00,7.557975629459594
2025-03-14 22:00,6.71382830460164
2025-03-14 23:00,4.03167286204761
2025-03-15 00:00,2.3985646608706817
2025-03-15 01:00,3.4394548476891798
2025-03-15 02:00,2.926648748854708
2025-03-15 03:00,4.593550467385006
2025-03-15 04:00,4.248381393503466
2025-03-15 05:00,5.3397777666218955
2025-03-15 06:00,7.111225913212653
2025-03-15 07:00,13.9994830097679
2025-03-15 08:00,18.827799532086846
2025-03-15 09:00,24.62268486641629
2025-03-15 10:00,25.01163071666263
2025-03-15 11:00,23.53079338617076
2025-03-15 12:00,25.05942778261854
2025-03-15 13:00,21.63465744117181
2025-03-15 14:00,19.067716412780083
2025-03-15 15:00,15.653243210362819
2025-03-15 16:00,10.939652361713
2025-03-15 17:00,5.996319829824345
2025-03-15 18:00,8.002626510333853
2025-03-15 19:00,8.632174457553687
2025-03-15 20:00,8.504828437281223
2025-03-15 21:00,5.550751725812034
2025-03-15 22:00,6.327835520318087
2025-03-15 23:00,6.52641517999877
2025-03-16 00:00,5.953661012073973
2025-03-16 01:00,5.785780040006901
2025-03-16 02:00,4.666882672977704
2025-03-16 03:00,4.5017269313302855
2025-03-16 04:00,4.743356170994032
2025-03-16 05:00,2.402651511112602
2025-03-16 06:00,1.946775453051502
2025-03-16 07:00,3.9213016138343275
2025-03-16 08:00,5.086172180479238
2025-03-16 09:00,10.161096811163107
2025-03-16 10:00,16.158206685952123
2025-03-16 11:00,25.109186369136413
2025-03-16 12:00,45.85149237125396
2025-03-16 13:00,52.189231972255094
2025-03-16 14:00,56.41467932844715
2025-03-16 15:00,56.760102410638446
2025-03-16 16:00,53.971677249666726
2025-03-16 17:00,53.53976309889161
2025-03-16 18:00,53.66504199540897
2025-03-16 19:00,54.22861245885754
2025-03-16 20:00,52.860365402340754
2025-03-16 21:00,53.90966662028087
2025-03-16 22:00,52.72686586514241
2025-03-16 23:00,53.74131556512496
2025-03-17 00:00,52.95049964116266
2025-03-17 01:00,53.80192595504726
2025-03-17 02:00,54.16780802217762
2025-03-17 03:00,53.694478437572975
2025-03-17 04:00,52.53590287419231
2025-03-17 05:00,53.989583938686195
2025-03-17 06:00,54.14022076280785
2025-03-17 07:00,54.06549327660656
2025-03-17 08:00,43.27785737186463
2025-03-17 09:00,41.33136241764591
2025-03-17 10:00,35.059624004285
2025-03-17 11:00,28.90933295181346
2025-03-17 12:00,26.98145375448651
2025-03-17 13:00,25.41869825275193
2025-03-17 14:00,20.890763147525778
2025-03-17 15:00,18.86547708362917
2025-03-17 16:00,16.13430291640988
2025-03-17 17:00,8.317250762247522
2025-03-17 18:00,3.4830580883888933
2025-03-17 19:00,2.9527666862036654
2025-03-17 20:00,7.171567059558156
2025-03-17 21:00,13.321493180809362
2025-03-17 22:00,17.760723191843788
2025-03-17 23:00,30.289307225828132
2025-03-18 00:00,32.11339771570765
2025-03-18 01:00,34.917277611185845
2025-03-18 02:00,43.556591584803456
2025-03-18 03:00,45.61748937156026
2025-03-18 04:00,48.61610766742648
2025-03-18 05:00,46.803117874518676
2025-03-18 06:00,53.14838742041812
2025-03-18 07:00,54.308612301876735
2025-03-18 08:00,54.98425496137463
2025-03-18 09:00,56.384676871636756
2025-03-18 10:00,56.66319483540638
2025-03-18 11:00,58.66094608113292
2025-03-18 12:00,58.143693532699174
2025-03-18 13:00,57.85084765508835
2025-03-18 14:00,54.36059634964182
2025-03-18 15:00,54.6340341762772
2025-03-18 16:00,54.40856510318213
2025-03-18 17:00,53.17179689314522
2025-03-18 18:00,54.45110974184979
2025-03-18 19:00,53.88808359767596
2025-03-18 20:00,53.47986685647459
2025-03-18 21:00,51.81307945687838
2025-03-18 22:00,43.32390373973031
2025-03-18 23:00,38.15373889913769
2025-03-19 00:00,39.307796506704015
2025-03-19 01:00,36.861235551704006
2025-03-19 02:00,33.80063335242714
2025-03-19 03:00,22.521038236240884
2025-03-19 04:00,20.933109400003914
2025-03-19 05:00,17.139809367277
2025-03-19 06:00,14.1978633247884
2025-03-19 07:00,12.621753641501881
2025-03-19 08:00,8.826846297827156
2025-03-19 09:00,11.221700900765283
2025-03-19 10:00,8.173729120732451
2025-03-19 11:00,15.478612068436433
2025-03-19 12:00,16.7337075052616
2025-03-19 13:00,19.5326202847241
2025-03-19 14:00,18.704333662819412
2025-03-19 15:00,19.682872290372565
2025-03-19 16:00,19.035331057919784
2025-03-19 17:00,14.478604099076392
2025-03-19 18:00,12.809332884245103
2025-03-19 19:00,2.9361992544786215
2025-03-19 20:00,4.059178863540964
2025-03-19 21:00,1.2298714544718838
2025-03-19 22:00,1.5753059071498123
2025-03-19 23:00,2.229834942977619
2025-03-20 00:00,5.390603864621412
2025-03-20 01:00,5.863136571865576
2025-03-20 02:00,14.485265223725966
2025-03-20 03:00,25.966522358383937
2025-03-20 04:00,27.515588571618647
2025-03-20 05:00,30.082844236596642
2025-03-20 06:00,30.960783245668193
2025-03-20 07:00,33.581660069534095
2025-03-20 08:00,38.661751214549454
2025-03-20 09:00,41.913273761468616
2025-03-20 10:00,37.58922275242616
2025-03-20 11:00,34.02499543989161
2025-03-20 12:00,34.4538258519809
2025-03-20 13:00,35.28580598576462
2025-03-20 14:00,35.15528064746185
2025-03-20 15:00,35.63895617695549
2025-03-20 16:00,35.256516101636386
2025-03-20 17:00,34.32905444115029
2025-03-20 18:00,36.68440267349393
2025-03-20 19:00,39.17141380612746
2025-03-20 20:00,38.133793086928414
2025-03-20 21:00,35.96723170137105
2025-03-20 22:00,33.201471006311735
2025-03-20 23:00,34.9927648628099
2025-03-21 00:00,36.517933372472015
2025-03-21 01:00,34.58335185724198
2025-03-21 02:00,33.04591917775906
2025-03-21 03:00,34.17111840633075
2025-03-21 04:00,33.11325166821323
2025-03-21 05:00,32.334443372075754
2025-03-21 06:00,31.06425720686388
2025-03-21 07:00,28.31617866644533
2025-03-21 08:00,26.34867962221477
2025-03-21 09:00,27.768493440212985
2025-03-21 10:00,28.007367140616527
2025-03-21 11:00,26.321177677719778
2025-03-21 12:00,21.211531250241492
2025-03-21 13:00,19.349688638365684
2025-03-21 14:00,20.824533095848263
2025-03-21 15:00,13.691124381444103
2025-03-21 16:00,11.033776583233616
2025-03-21 17:00,4.769055040654132
2025-03-21 18:00,1.8746636265175127
2025-03-21 19:00,2.285034327703415
2025-03-21 20:00,0.8248598056898797
2025-03-21 21:00,2.72124564430154
2025-03-21 22:00,2.609273216303652
2025-03-21 23:00,7.03913724052833
2025-03-22 00:00,23.895965191846845
2025-03-22 01:00,27.737197707445635
2025-03-22 02:00,30.460744630171536
2025-03-22 03:00,32.60016768863152
2025-03-22 04:00,36.06475479974043
2025-03-22 05:00,35.49744267266391
2025-03-22 06:00,32.455988832955974
2025-03-22 07:00,28.090432878950075
2025-03-22 08:00,25.136195812454968
2025-03-22 09:00,23.56056634416851
2025-03-22 10:00,17.561268832037342
2025-03-22 11:00,18.355996737212664
2025-03-22 12:00,15.0932593640708
2025-03-22 13:00,15.172305460767982
2025-03-22 14:00,20.915082367125322
2025-03-22 15:00,21.769201796152164
2025-03-22 16:00,18.268019037152612
2025-03-22 17:00,20.042743694850778
2025-03-22 18:00,21.840532636487488
2025-03-22 19:00,23.526158668654745
2025-03-22 20:00,20.87462989021371
2025-03-22 21:00,22.8347862843651
2025-03-22 22:00,29.154077772046968
2025-03-22 23:00,29.971849244157045
2025-03-23 00:00,33.04125273166233
2025-03-23 01:00,25.22557494693602
2025-03-23 02:00,25.300121065894803
2025-03-23 03:00,23.481633404875367
2025-03-23 04:00,16.944670216850913
2025-03-23 05:00,14.927677659406157
2025-03-23 06:00,12.562586078464822
2025-03-23 07:00,11.429331404611666
2025-03-23 08:00,11.681372872874677
2025-03-23 09:00,13.666761521296987
2025-03-23 10:00,17.154295294298763
2025-03-23 11:00,19.27844418930115
2025-03-23 12:00,23.24526265846196
2025-03-23 13:00,24.802193856626037
2025-03-23 14:00,22.008942296691462
2025-03-23 15:00,24.307634359864107
2025-03-23 16:00,24.36375715397056
2025-03-23 17:00,25.05654649789364
2025-03-23 18:00,26.053465072907578
2025-03-23 19:00,19.569677869085865
2025-03-23 20:00,9.175695519157781
2025-03-23 21:00,8.536007375250657
2025-03-23 22:00,9.61337167554516
2025-03-23 23:00,9.542127594858085
2025-03-24 00:00,18.776879746299393
2025-03-24 01:00,25.39943852369889
2025-03-24 02:00,29.04392439068434
2025-03-24 03:00,34.98072539079345
2025-03-24 04:00,35.6727471447239
2025-03-24 05:00,36.46574989517693
2025-03-24 06:00,40.75010426985035
2025-03-24 07:00,43.99466090432314
2025-03-24 08:00,57.78602235108875
2025-03-24 09:00,58.525251353334156
2025-03-24 10:00,57.41427257241625
2025-03-24 11:00,56.735917601099835
2025-03-24 12:00,54.09015018676066
2025-03-24 13:00,53.39628190695188
2025-03-24 14:00,53.12117339146758
2025-03-24 15:00,53.495160069197546
2025-03-24 16:00,50.827806082080066
2025-03-24 17:00,52.50141088405339
2025-03-24 18:00,46.86499417646242
2025-03-24 19:00,41.09908063319521
2025-03-24 20:00,40.66441219627791
2025-03-24 21:00,33.9456362683808
2025-03-24 22:00,32.885187317086505
2025-03-24 23:00,28.861680617654066
2025-03-25 00:00,27.95342267170199
2025-03-25 01:00,21.69896862503587
2025-03-25 02:00,14.089617450036423
2025-03-25 03:00,10.39938356034393
2025-03-25 04:00,10.663454935763653
2025-03-25 05:00,11.272018477142614
2025-03-25 06:00,11.121503406897295
2025-03-25 07:00,18.48280998590516
2025-03-25 08:00,25.56023655902508
2025-03-25 09:00,28.705927486243063
2025-03-25 10:00,39.80401815969592
2025-03-25 11:00,47.18909607628219
2025-03-25 12:00,49.26924311279699
2025-03-25 13:00,52.779444266196755
2025-03-25 14:00,53.29400272019723
2025-03-25 15:00,53.51790602361173
2025-03-25 16:00,43.06799792243491
2025-03-25 17:00,29.06770012024877
2025-03-25 18:00,27.18113814499175
2025-03-25 19:00,14.67419850303925
2025-03-25 20:00,10.232448440925616
2025-03-25 21:00,3.0997738885763257
2025-03-25 22:00,2.3055091957003833
2025-03-25 23:00,1.7938034887235992
2025-03-26 00:00,1.924266716635409
2025-03-26 01:00,1.8399111841639595
2025-03-26 02:00,1.1139826817487113
2025-03-26 03:00,1.326926128051753
2025-03-26 04:00,1.66883173997963
2025-03-26 05:00,2.847929904587173
2025-03-26 06:00,2.8511582794675427
2025-03-26 07:00,2.844918067447876
2025-03-26 08:00,4.822627208354634
2025-03-26 09:00,4.945986750571777
2025-03-26 10:00,5.637361303424427
2025-03-26 11:00,6.160885556488791
2025-03-26 12:00,8.022447645059602
2025-03-26 13:00,13.051616689560113
2025-03-26 14:00,13.89985199231079
2025-03-26 15:00,16.856531688833936
2025-03-26 16:00,23.55846697398882
2025-03-26 17:00,30.39333306251717
2025-03-26 18:00,31.079165537529637
2025-03-26 19:00,35.94728692625466
2025-03-26 20:00,38.537904086402804
2025-03-26 21:00,40.58894363121869
2025-03-26 22:00,44.634515831043636
2025-03-26 23:00,52.84069960522428
2025-03-27 00:00,56.06535207169473
2025-03-27 01:00,53.909078896948365
2025-03-27 02:00,53.84092554772117
2025-03-27 03:00,53.63861829969491
2025-03-27 04:00,53.243437856604416
2025-03-27 05:00,51.98509146873399
2025-03-27 06:00,47.32253644143896
2025-03-27 07:00,44.365925141549134
2025-03-27 08:00,40.99067154523681
2025-03-27 09:00,32.04935997888871
2025-03-27 10:00,20.444209584122657
2025-03-27 11:00,17.492202409114043
2025-03-27 12:00,15.091197261695928
2025-03-27 13:00,11.481135429124382
2025-03-27 14:00,15.823683798354567
2025-03-27 15:00,16.80557840601574
2025-03-27 16:00,26.953378063491922
2025-03-27 17:00,32.85432029326355
2025-03-27 18:00,32.433941300116224
2025-03-27 19:00,32.53600474997408
2025-03-27 20:00,37.2872917383796
2025-03-27 21:00,38.87201850493421
2025-03-27 22:00,40.41064153910178
2025-03-27 23:00,40.839848877442996
2025-03-28 00:00,46.46239070636577
2025-03-28 01:00,47.1392441658656
2025-03-28 02:00,48.23502301702809
2025-03-28 03:00,51.15317874349737
2025-03-28 04:00,52.05355058124517
2025-03-28 05:00,50.9571030787009
2025-03-28 06:00,51.33463149057571
2025-03-28 07:00,55.71072625944648
2025-03-28 08:00,54.307158559333224
2025-03-28 09:00,54.040456096019575
2025-03-28 10:00,54.01828544426287
2025-03-28 11:00,51.34616595359949
2025-03-28 12:00,49.21015084044013
2025-03-28 13:00,49.122820657434175
2025-03-28 14:00,50.69934746035933
2025-03-28 15:00,50.786142515465755
2025-03-28 16:00,50.504743283406924
2025-03-28 17:00,51.47915531944868
2025-03-28 18:00,51.16874451143452
2025-03-28 19:00,50.48339460020006
2025-03-28 20:00,49.42919989353926
2025-03-28 21:00,47.07658780574694
2025-03-28 22:00,36.82244139157854
2025-03-28 23:00,33.12660054997587
2025-03-29 00:00,29.217987874608532
2025-03-29 01:00,20.433453005376236
2025-03-29 02:00,17.632862591374415
2025-03-29 03:00,13.380348047719954
2025-03-29 04:00,12.885474480768883
2025-03-29 05:00,7.481749348421922
2025-03-29 06:00,6.096132941689041
2025-03-29 07:00,5.703668538950176
2025-03-29 08:00,7.752965659515685
2025-03-29 09:00,5.460907822378137
2025-03-29 10:00,8.398507322950707
2025-03-29 11:00,9.54716241828524
2025-03-29 12:00,15.809282505152803
2025-03-29 13:00,31.31609650212222
2025-03-29 14:00,42.211938790522744
2025-03-29 15:00,46.368952657563064
2025-03-29 16:00,50.48197637092462
2025-03-29 17:00,51.59458787282482
2025-03-29 18:00,47.23921675602321
2025-03-29 19:00,47.31531031729252
2025-03-29 20:00,40.25544320700116
2025-03-29 21:00,39.749811495207396
2025-03-29 22:00,34.99656525828719
2025-03-29 23:00,26.734569224196036
2025-03-30 00:00,15.60872038238845
2025-03-30 01:00,6.250037141363893
2025-03-30 02:00,4.897684496844409
2025-03-30 03:00,5.070273690057827
2025-03-30 04:00,5.172411698753495
2025-03-30 05:00,6.459063717700352
2025-03-30 06:00,8.847767629943311
2025-03-30 07:00,16.468067102391323
2025-03-30 08:00,18.05029052112132
2025-03-30 09:00,14.615308803274813
2025-03-30 10:00,11.346995719038137
2025-03-30 11:00,15.930300147092439
2025-03-30 12:00,20.499539695427988
2025-03-30 13:00,21.723993535762446
2025-03-30 14:00,21.43646284408142
2025-03-30 15:00,19.13765287727318
2025-03-30 16:00,19.040893414001218
2025-03-30 17:00,14.90613680987814
2025-03-30 18:00,10.520199255019536
2025-03-30 19:00,10.643332151039832
2025-03-30 20:00,6.437117096892365
2025-03-30 21:00,0.7437588575526329
2025-03-30 22:00,1.6647961731997243
2025-03-30 23:00,1.198945484764479
2025-03-31 00:00,1.4981896064428808
2025-03-31 01:00,0.6923772439525535
2025-03-31 02:00,2.3708227772916466
2025-03-31 03:00,2.527855752393995
2025-03-31 04:00,2.9582145143097804
2025-03-31 05:00,4.196960072484948
2025-03-31 06:00,3.9540029052801318
2025-03-31 07:00,3.597551545939909
2025-03-31 08:00,4.948952685066639
2025-03-31 09:00,3.3943279027288047
2025-03-31 10:00,4.314163212738994
2025-03-31 11:00,6.941176087172655
2025-03-31 12:00,6.9803747340242746
2025-03-31 13:00,5.820895092471157
2025-03-31 14:00,5.610335639730284
2025-03-31 15:00,5.108030570584526
2025-03-31 16:00,5.135876303602072
2025-03-31 17:00,2.8632222914529906
2025-03-31 18:00,0.37770786312221144
2025-03-31 19:00,0.33606969691604605
2025-03-31 20:00,0.4305592954598502
2025-03-31 21:00,1.273400344137432
2025-03-31 22:00,1.2331529209069736
2025-03-31 23:00,0.5556579519427204
2025-04-01 00:00,1.5459961995290856
2025-04-01 01:00,1.075095207820717
2025-04-01 02:00,2.4900394497262406
2025-04-01 03:00,2.282170748390698
2025-04-01 04:00,2.0743643787304173
2025-04-01 05:00,1.8217821522833628
2025-04-01 06:00,2.013431185149032
2025-04-01 07:00,1.6421359447404444
2025-04-01 08:00,1.5223807043674669
2025-04-01 09:00,1.3666989921832178
2025-04-01 10:00,0.31057683346241044
2025-04-01 11:00,2.7369080592820416
2025-04-01 12:00,2.8162468376187384
2025-04-01 13:00,3.866856348265402
2025-04-01 14:00,3.9409598103589363
2025-04-01 15:00,5.795314306010841
2025-04-01 16:00,6.544982340913954
2025-04-01 17:00,5.087793252556919
2025-04-01 18:00,4.505179730048889
2025-04-01 19:00,1.9848339719880403
2025-04-01 20:00,2.061770087274949
2025-04-01 21:00,2.7045288597526125
2025-04-01 22:00,0.9464762000662602
2025-04-01 23:00,1.2254133342705624
2025-04-02 00:00,1.7455023425170324
2025-04-02 01:00,2.4558899019185585
2025-04-02 02:00,2.763440082144689
2025-04-02 03:00,3.2777256070884775
2025-04-02 04:00,2.882832675055494
2025-04-02 05:00,2.6465427780574275
2025-04-02 06:00,2.3311628430681184
2025-04-02 07:00,2.3707880141809157
2025-04-02 08:00,1.8268157788379988
2025-04-02 09:00,1.6686242815241101
2025-04-02 10:00,1.6295165116810213
2025-04-02 11:00,6.948333079589284
2025-04-02 12:00,4.425996721223883
2025-04-02 13:00,8.606920524658868
2025-04-02 14:00,14.201055726552708
2025-04-02 15:00,19.801856783068533
2025-04-02 16:00,23.08706628823389
2025-04-02 17:00,17.00614540732673
2025-04-02 18:00,11.242920686500792
2025-04-02 19:00,10.115132061374165
2025-04-02 20:00,14.531640024903092
2025-04-02 21:00,7.879943474794035
2025-04-02 22:00,4.187940324048327
2025-04-02 23:00,2.397159270524575
2025-04-03 00:00,3.678532212550458
2025-04-03 01:00,2.4070317171582536
2025-04-03 02:00,4.782146625439177
2025-04-03 03:00,3.8254149066460346
2025-04-03 04:00,5.358388031848578
2025-04-03 05:00,5.070787746623908
2025-04-03 06:00,4.426018236890391
2025-04-03 07:00,3.676002165858735
2025-04-03 08:00,1.7388872625871301
2025-04-03 09:00,1.6293559908907407
2025-04-03 10:00,0.7194750126463826
2025-04-03 11:00,2.282365237799096
2025-04-03 12:00,8.17003533151501
2025-04-03 13:00,9.256231468272775
2025-04-03 14:00,10.877286054466968
2025-04-03 15:00,9.63891879247158
2025-04-03 16:00,13.061585138927889
2025-04-03 17:00,19.209278029919503
2025-04-03 18:00,16.697915879700773
2025-04-03 19:00,9.244143946488682
2025-04-03 20:00,9.094262444592284
2025-04-03 21:00,2.3940442552681707
2025-04-03 22:00,2.0284654343276323
2025-04-03 23:00,1.5320829211133957
2025-04-04 00:00,1.5501122313053028
2025-04-04 01:00,1.0218856630761888
2025-04-04 02:00,1.128024936133456
2025-04-04 03:00,1.6889421774448174
2025-04-04 04:00,1.9271422534939375
2025-04-04 05:00,1.2076915830628023
2025-04-04 06:00,0.9514304097895597
2025-04-04 07:00,1.1742693816547705
2025-04-04 08:00,0.5901383522888275
2025-04-04 09:00,1.1798135012215698
2025-04-04 10:00,1.2891937881785878
2025-04-04 11:00,1.8721606208304375
2025-04-04 12:00,3.629715350950969
2025-04-04 13:00,4.429757105856532
2025-04-04 14:00,6.254177961221515
2025-04-04 15:00,8.113429389380208
2025-04-04 16:00,11.71836144954996
2025-04-04 17:00,10.913171441903328
2025-04-04 18:00,9.386222743137749
2025-04-04 19:00,11.054172571754775
2025-04-04 20:00,5.62557791836054
2025-04-04 21:00,1.810822875893731
2025-04-04 22:00,2.2224489983846722
2025-04-04 23:00,1.9029101880342874
2025-04-05 00:00,2.778876776166646
2025-04-05 01:00,2.262007770263448
2025-04-05 02:00,2.184194533268441
2025-04-05 03:00,3.0737367982852923
2025-04-05 04:00,4.566929545165808
2025-04-05 05:00,8.042129015214796
2025-04-05 06:00,19.35814070995319
2025-04-05 07:00,19.917501166119784
2025-04-05 08:00,34.14326493183942
2025-04-05 09:00,45.21188539212004
2025-04-05 10:00,45.463026805844834
2025-04-05 11:00,49.513259115423445
2025-04-05 12:00,47.8181066750049
2025-04-05 13:00,46.79485988951986
2025-04-05 14:00,41.55346028785654
2025-04-05 15:00,36.008029782337836
2025-04-05 16:00,33.43353848016305
2025-04-05 17:00,27.323828436025796
2025-04-05 18:00,22.413940949643404
2025-04-05 19:00,19.88686258904476
2025-04-05 20:00,11.287536771487568
2025-04-05 21:00,6.181986759420414
2025-04-05 22:00,4.798153769978723
2025-04-05 23:00,1.9881080618949594
2025-04-06 00:00,3.8936011791946163
2025-04-06 01:00,2.9907651429599453
2025-04-06 02:00,2.233348129008067
2025-04-06 03:00,1.6603336049326307
2025-04-06 04:00,1.2345365906630141
2025-04-06 05:00,0.13782000452287424
2025-04-06 06:00,0.5565055395025565
2025-04-06 07:00,0.9529270606088909
2025-04-06 08:00,1.3143288126740058
2025-04-06 09:00,2.2698184526522636
2025-04-06 10:00,5.515667786056962
2025-04-06 11:00,9.75124088372591
2025-04-06 12:00,11.619877231581311
2025-04-06 13:00,18.741726879260064
2025-04-06 14:00,20.85129435448124
2025-04-06 15:00,21.271347352537603
2025-04-06 16:00,13.459774259473852
2025-04-06 17:00,10.744895877683057
2025-04-06 18:00,9.90346759361604
2025-04-06 19:00,7.868077814860566
2025-04-06 20:00,7.514432060980579
2025-04-06 21:00,2.2940092155136673
2025-04-06 22:00,3.093839548113764
2025-04-06 23:00,3.5149741994792594
2025-04-07 00:00,2.3317806571787836
2025-04-07 01:00,2.1051350221683856
2025-04-07 02:00,2.201058227487551
2025-04-07 03:00,3.0747145311997457
2025-04-07 04:00,4.620020601316282
2025-04-07 05:00,6.069809761963234
2025-04-07 06:00,5.840059296366041
2025-04-07 07:00,10.320690763206951
2025-04-07 08:00,15.57610868343318
2025-04-07 09:00,19.689659402787143
2025-04-07 10:00,26.295855568232852
2025-04-07 11:00,38.998756718838145
2025-04-07 12:00,44.72412857629143
2025-04-07 13:00,47.58319674755565
2025-04-07 14:00,47.40951584214016
2025-04-07 15:00,48.32051201000758
2025-04-07 16:00,49.5877591328112
2025-04-07 17:00,48.09529613938138
2025-04-07 18:00,49.55674918268204
2025-04-07 19:00,50.66262999655928
2025-04-07 20:00,50.43432287470313
2025-04-07 21:00,49.320940620446045
2025-04-07 22:00,49.93134035596449
2025-04-07 23:00,50.701180395249146
2025-04-08 00:00,52.67590633567406
2025-04-08 01:00,50.837682656068615
2025-04-08 02:00,48.80460967610751
2025-04-08 03:00,45.57399257474122
2025-04-08 04:00,44.18424611781574
2025-04-08 05:00,41.030182528205856
2025-04-08 06:00,37.008691253148704
2025-04-08 07:00,30.253023030016
2025-04-08 08:00,20.130466353858022
2025-04-08 09:00,17.59278170490319
2025-04-08 10:00,12.026212258338743
2025-04-08 11:00,12.712729261690603
2025-04-08 12:00,10.687696893083073
2025-04-08 13:00,15.572494593609782
2025-04-08 14:00,8.267694174741568
2025-04-08 15:00,8.384167070704335
2025-04-08 16:00,7.612560804584776
2025-04-08 17:00,11.349045595152809
2025-04-08 18:00,3.7838189278307337
2025-04-08 19:00,2.4363903432714498
2025-04-08 20:00,2.891098991784726
2025-04-08 21:00,1.5204099661686195
2025-04-08 22:00,1.1361200727384793
2025-04-08 23:00,0.973944220612347
2025-04-09 00:00,0.348224750705419
2025-04-09 01:00,0.9820707771412849
2025-04-09 02:00,0.0
2025-04-09 03:00,0.5615527096277538
2025-04-09 04:00,0.2821827667522024
2025-04-09 05:00,0.162888207932905
2025-04-09 06:00,0.28085788063192885
2025-04-09 07:00,0.0
2025-04-09 08:00,0.2645556622780481
2025-04-09 09:00,0.10223434802317839
2025-04-09 10:00,1.3288228041760395
2025-04-09 11:00,1.874702352073468
2025-04-09 12:00,4.68780864753988
2025-04-09 13:00,3.57141971224719
2025-04-09 14:00,5.078080872240797
2025-04-09 15:00,6.771695693292579
2025-04-09 16:00,12.261998464256706
2025-04-09 17:00,11.834859096200939
2025-04-09 18:00,12.84405742393707
2025-04-09 19:00,7.291809512498317
2025-04-09 20:00,8.709230451475804
2025-04-09 21:00,6.4490253967189215
2025-04-09 22:00,4.724676985557005
2025-04-09 23:00,0.8648553632183315
2025-04-10 00:00,1.0568996220450293
2025-04-10 01:00,0.299481889521862
2025-04-10 02:00,0.5847126836545379
2025-04-10 03:00,0.12894896701390868
2025-04-10 04:00,0.08470150422914763
2025-04-10 05:00,0.6820547437925373
2025-04-10 06:00,1.887067568772548
2025-04-10 07:00,1.345596683730628
2025-04-10 08:00,1.1901312573302145
2025-04-10 09:00,1.939460409713642
2025-04-10 10:00,2.4517654856263595
2025-04-10 11:00,2.898926085429463
2025-04-10 12:00,3.9721348427584307
2025-04-10 13:00,3.6655893389269316
2025-04-10 14:00,4.329765990406286
2025-04-10 15:00,4.4601899177355655
2025-04-10 16:00,6.1454547648149
2025-04-10 17:00,5.48406710857213
2025-04-10 18:00,3.568888147247679
2025-04-10 19:00,2.732385238322742
2025-04-10 20:00,7.946654123286279
2025-04-10 21:00,6.718102635589487
2025-04-10 22:00,4.434492239350511
2025-04-10 23:00,4.917721283860643
2025-04-11 00:00,5.088186348755924
2025-04-11 01:00,3.9165875349962227
2025-04-11 02:00,0.9934014672155768
2025-04-11 03:00,1.3846627480059495
2025-04-11 04:00,1.3212484270576061
2025-04-11 05:00,0.6921085520297112
2025-04-11 06:00,0.0
2025-04-11 07:00,0.28792705854860007
2025-04-11 08:00,0.4742825446726502
2025-04-11 09:00,0.08833636046639605
2025-04-11 10:00,0.1432021182025156
2025-04-11 11:00,0.6249667386913135
2025-04-11 12:00,1.8859466879412397
2025-04-11 13:00,2.378764782740919
2025-04-11 14:00,3.2368747496449295
2025-04-11 15:00,3.770275208048195
2025-04-11 16:00,3.986811641098399
2025-04-11 17:00,3.9664131416820942
2025-04-11 18:00,3.502880285270789
2025-04-11 19:00,2.7180448523332457
2025-04-11 20:00,2.6080893411679034
2025-04-11 21:00,2.201889903158919
2025-04-11 22:00,1.5738982851477343
2025-04-11 23:00,1.935090231629885
2025-04-12 00:00,9.136072981184869
2025-04-12 01:00,10.62513750803769
2025-04-12 02:00,13.324508719317254
2025-04-12 03:00,26.248029944979564
2025-04-12 04:00,32.61776974502452
2025-04-12 05:00,38.14941663289723
2025-04-12 06:00,41.0817853265399
2025-04-12 07:00,45.54863828899553
2025-04-12 08:00,49.3319908907228
2025-04-12 09:00,49.83883141573135
2025-04-12 10:00,48.429329437688395
2025-04-12 11:00,49.561180373391046
2025-04-12 12:00,50.797660974295184
2025-04-12 13:00,50.10554317973898
2025-04-12 14:00,52.203726507072346
2025-04-12 15:00,53.372390301999424
2025-04-12 16:00,52.86585579889828
2025-04-12 17:00,51.11685040156044
2025-04-12 18:00,50.684624947490335
2025-04-12 19:00,57.04080639641978
2025-04-12 20:00,56.68094889401475
2025-04-12 21:00,57.09622664094942
2025-04-12 22:00,53.199947266646404
2025-04-12 23:00,44.92739304861003
2025-04-13 00:00,41.81235462394617
2025-04-13 01:00,32.103734572594114
2025-04-13 02:00,21.75433191386091
2025-04-13 03:00,19.91200620831179
2025-04-13 04:00,19.182143180657093
2025-04-13 05:00,23.60184821208336
2025-04-13 06:00,40.07623262732307
2025-04-13 07:00,41.2390331987373
2025-04-13 08:00,47.07853902469419
2025-04-13 09:00,53.128259190916374
2025-04-13 10:00,53.40667494256681
2025-04-13 11:00,53.00201252450715
2025-04-13 12:00,56.25356678179061
2025-04-13 13:00,53.972071754912825
2025-04-13 14:00,53.549178581601154
2025-04-13 15:00,51.39585423261792
2025-04-13 16:00,50.99963644390386
2025-04-13 17:00,45.47187485547571
2025-04-13 18:00,41.85659006433383
2025-04-13 19:00,42.263098969469794
2025-04-13 20:00,42.58312819869763
2025-04-13 21:00,37.68436846395652
2025-04-13 22:00,38.52340244729126
2025-04-13 23:00,40.03404598804642
2025-04-14 00:00,46.17793528218974
2025-04-14 01:00,47.17088666739966
2025-04-14 02:00,51.33649533797727
2025-04-14 03:00,52.9658417252029
2025-04-14 04:00,51.8795478447717
2025-04-14 05:00,47.64719161440918
2025-04-14 06:00,43.180802566276405
2025-04-14 07:00,38.5888048547489
2025-04-14 08:00,29.658103677136342
2025-04-14 09:00,24.82153250854338
2025-04-14 10:00,24.469032165378287
2025-04-14 11:00,26.218029352450387
2025-04-14 12:00,29.378208718422343
2025-04-14 13:00,24.557637291705547
2025-04-14 14:00,27.808109399491705
2025-04-14 15:00,29.813043471689397
2025-04-14 16:00,35.45067920135604
2025-04-14 17:00,40.86720134891115
2025-04-14 18:00,39.66278147478798
2025-04-14 19:00,44.31959276235885
2025-04-14 20:00,47.68127487035245
2025-04-14 21:00,50.21826871315765
2025-04-14 22:00,49.71614850440554
2025-04-14 23:00,51.40628611712754
2025-04-15 00:00,48.53831806642794
2025-04-15 01:00,45.002256638432975
2025-04-15 02:00,40.539531679859415
2025-04-15 03:00,40.13834086951259
2025-04-15 04:00,34.82108210583771
2025-04-15 05:00,33.46377605926126
2025-04-15 06:00,30.200185113003492
2025-04-15 07:00,26.67178578911141
2025-04-15 08:00,30.37467123065395
2025-04-15 09:00,32.938151803417476
2025-04-15 10:00,32.69461098945086
2025-04-15 11:00,37.873284051897585
2025-04-15 12:00,40.699337039808974
2025-04-15 13:00,41.569845519319884
2025-04-15 14:00,35.173329686121534
2025-04-15 15:00,29.660127662436572
2025-04-15 16:00,23.148433129768225
2025-04-15 17:00,20.143247236774016
2025-04-15 18:00,15.812113379883739
2025-04-15 19:00,16.958646550905065
2025-04-15 20:00,6.512652253023305
2025-04-15 21:00,2.9778588065257376
2025-04-15 22:00,4.454636044042287
2025-04-15 23:00,3.893446585782196
2025-04-16 00:00,5.0678381806348325
2025-04-16 01:00,5.851534797279887
2025-04-16 02:00,5.9479703306485625
2025-04-16 03:00,12.72875165872958
2025-04-16 04:00,15.9685929081904
2025-04-16 05:00,23.90110692230382
2025-04-16 06:00,27.87334189267581
2025-04-16 07:00,25.384038016390747
2025-04-16 08:00,35.997090053612226
2025-04-16 09:00,46.97428227360036
2025-04-16 10:00,46.65114694480337
2025-04-16 11:00,47.42797684051936
2025-04-16 12:00,48.820221104081504
2025-04-16 13:00,50.6845162622125
2025-04-16 14:00,51.11418777926304
2025-04-16 15:00,51.70183594149745
2025-04-16 16:00,51.72214121058904
2025-04-16 17:00,48.33399123336475
2025-04-16 18:00,49.182522436088604
2025-04-16 19:00,49.69859465542396
2025-04-16 20:00,51.96815285186416
2025-04-16 21:00,52.25186600461932
2025-04-16 22:00,51.838366611541254
2025-04-16 23:00,52.528215087968434
2025-04-17 00:00,55.24518820957672
2025-04-17 01:00,54.001315863155455
2025-04-17 02:00,51.86582052040904
2025-04-17 03:00,52.8278945983577
2025-04-17 04:00,52.85149722196734
2025-04-17 05:00,52.77062121284117
2025-04-17 06:00,54.73215081650863
2025-04-17 07:00,54.392133434892024
2025-04-17 08:00,53.18381639284146
2025-04-17 09:00,53.76412470008949
2025-04-17 10:00,54.73737907506174
2025-04-17 11:00,53.59184259220089
2025-04-17 12:00,53.92195028489149
2025-04-17 13:00,53.09895734729031
2025-04-17 14:00,52.72078528828242
2025-04-17 15:00,51.599494247821
2025-04-17 16:00,48.074130301042274
2025-04-17 17:00,45.92816308927471
2025-04-17 18:00,48.483077633244854
2025-04-17 19:00,47.256612564518484
2025-04-17 20:00,47.172783007199676
2025-04-17 21:00,44.03627830646635
2025-04-17 22:00,42.62786162199613
2025-04-17 23:00,41.859335658449574
2025-04-18 00:00,46.81341824543045
2025-04-18 01:00,46.72311511782634
2025-04-18 02:00,47.750017312131504
2025-04-18 03:00,46.26932728119134
2025-04-18 04:00,46.27045954626175
2025-04-18 05:00,47.26570150239654
2025-04-18 06:00,48.34199970837433
2025-04-18 07:00,45.5178119443318
2025-04-18 08:00,43.43682075750925
2025-04-18 09:00,40.51431212344869
2025-04-18 10:00,32.817000090148504
2025-04-18 11:00,33.81275241041933
2025-04-18 12:00,33.30825096910104
2025-04-18 13:00,31.431615701747074
2025-04-18 14:00,27.966083546697302
2025-04-18 15:00,23.809280440834232
2025-04-18 16:00,30.93645300412661
2025-04-18 17:00,33.336174520918874
2025-04-18 18:00,32.09573517236937
2025-04-18 19:00,29.635076315188886
2025-04-18 20:00,28.11860315986183
2025-04-18 21:00,27.949357243043597
2025-04-18 22:00,27.611238651025676
2025-04-18 23:00,29.71328857319747
2025-04-19 00:00,32.89704102910359
2025-04-19 01:00,37.61168420531099
2025-04-19 02:00,36.588586324066156
2025-04-19 03:00,39.05679724022645
2025-04-19 04:00,39.989710706218574
2025-04-19 05:00,43.67209023703387
2025-04-19 06:00,43.77057005622158
2025-04-19 07:00,47.20452232775197
2025-04-19 08:00,48.220582506149235
2025-04-19 09:00,49.9125776503745
2025-04-19 10:00,49.37052162686999
2025-04-19 11:00,49.85411133779875
2025-04-19 12:00,51.34768648691441
2025-04-19 13:00,50.52820622091701
2025-04-19 14:00,50.03283747471109
2025-04-19 15:00,49.89826275321991
2025-04-19 16:00,47.08082665990863
2025-04-19 17:00,40.4667144920402
2025-04-19 18:00,31.487188500982466
2025-04-19 19:00,20.575312373016562
2025-04-19 20:00,22.731502050651923
2025-04-19 21:00,19.845698080803547
2025-04-19 22:00,12.448320676083501
2025-04-19 23:00,4.61148033878248
2025-04-20 00:00,4.3233732006420205
2025-04-20 01:00,0.5023146507372606
2025-04-20 02:00,3.097029526466079
2025-04-20 03:00,6.406677685269768
2025-04-20 04:00,11.833302636506424
2025-04-20 05:00,11.609708680107227
2025-04-20 06:00,11.767315523669494
2025-04-20 07:00,12.835677917404668
2025-04-20 08:00,12.895486076713057
2025-04-20 09:00,11.479141707851412
2025-04-20 10:00,10.369809668853966
2025-04-20 11:00,9.899512099036208
2025-04-20 12:00,9.053281374524442
2025-04-20 13:00,10.208564587487487
2025-04-20 14:00,14.899178636033954
2025-04-20 15:00,19.96582956236046
2025-04-20 16:00,20.78120527383469
2025-04-20 17:00,22.553606039033216
2025-04-20 18:00,12.418251310915078
2025-04-20 19:00,11.571065564968297
2025-04-20 20:00,6.440040505380618
2025-04-20 21:00,5.675532272159685
2025-04-20 22:00,1.1751136888066693
2025-04-20 23:00,0.4931806354275222
2025-04-21 00:00,0.5634605961613398
2025-04-21 01:00,0.42756904405956536
2025-04-21 02:00,0.5396622263755189
2025-04-21 03:00,0.10227284725012417
2025-04-21 04:00,0.6639586673417283
2025-04-21 05:00,0.0
2025-04-21 06:00,0.8292940876927488
2025-04-21 07:00,1.5964886623555057
2025-04-21 08:00,2.1909315038017003
2025-04-21 09:00,2.087093243883721
2025-04-21 10:00,2.6913608792318495
2025-04-21 11:00,4.398307820789426
2025-04-21 12:00,8.190658855899272
2025-04-21 13:00,8.354848498568298
2025-04-21 14:00,9.734762066316746
2025-04-21 15:00,12.12658069318718
2025-04-21 16:00,15.456522061767442
2025-04-21 17:00,10.719784127321176
2025-04-21 18:00,9.64229478148658
2025-04-21 19:00,7.765439471942471
2025-04-21 20:00,8.770505182960845
2025-04-21 21:00,7.879587925620454
2025-04-21 22:00,8.148781470615962
2025-04-21 23:00,7.919564901645133
2025-04-22 00:00,8.449276642415166
2025-04-22 01:00,9.154585987876487
2025-04-22 02:00,10.95799254442353
2025-04-22 03:00,13.208749512496423
2025-04-22 04:00,15.224877385227117
2025-04-22 05:00,17.556752836778898
2025-04-22 06:00,29.489616098126515
2025-04-22 07:00,36.55006689643155
2025-04-22 08:00,39.9261593892333
2025-04-22 09:00,41.09345438256315
2025-04-22 10:00,45.504980315542674
2025-04-22 11:00,45.113827804507395
2025-04-22 12:00,45.75741250970483
2025-04-22 13:00,45.612476381763585
2025-04-22 14:00,44.23876627997902
2025-04-22 15:00,42.25423037975529
2025-04-22 16:00,38.69954498194307
2025-04-22 17:00,28.325831179179584
2025-04-22 18:00,25.941287857094565
2025-04-22 19:00,20.62655476272944
2025-04-22 20:00,16.697031600693588
2025-04-22 21:00,22.779666220701944
2025-04-22 22:00,16.11341151151792
2025-04-22 23:00,14.740552150049087
2025-04-23 00:00,15.931793775445215
2025-04-23 01:00,16.924491562893543
2025-04-23 02:00,21.181747919003996
2025-04-23 03:00,18.2483619883808
2025-04-23 04:00,17.795153666965323
2025-04-23 05:00,13.488145115590527
2025-04-23 06:00,10.680949514530711
2025-04-23 07:00,13.918041431554194
2025-04-23 08:00,9.098913954765464
2025-04-23 09:00,1.6964557306433716
2025-04-23 10:00,1.5964490571103713
2025-04-23 11:00,2.114889384870375
2025-04-23 12:00,2.456758802923848
2025-04-23 13:00,3.9556141415017043
2025-04-23 14:00,6.199795653440865
2025-04-23 15:00,5.456644496445337
2025-04-23 16:00,5.913379475606207
2025-04-23 17:00,2.7015576892149586
2025-04-23 18:00,2.8506394924666427
2025-04-23 19:00,1.3054829627025857
2025-04-23 20:00,0.9528063420326612
2025-04-23 21:00,0.7637663413978302
2025-04-23 22:00,0.37143215164820226
2025-04-23 23:00,0.5529078971496291
2025-04-24 00:00,1.652789825285874
2025-04-24 01:00,0.855774120673335
2025-04-24 02:00,0.9286742541259634
2025-04-24 03:00,2.8681639084346955
2025-04-24 04:00,3.479771174709726
2025-04-24 05:00,1.4609751979800292
2025-04-24 06:00,1.2950681909334119
2025-04-24 07:00,1.4902360854545478
2025-04-24 08:00,2.7638237631029487
2025-04-24 09:00,2.656794507959623
2025-04-24 10:00,4.694146311297335
2025-04-24 11:00,6.310173082526326
2025-04-24 12:00,7.754163419616992
2025-04-24 13:00,7.7950656722104
2025-04-24 14:00,12.520197257678447
2025-04-24 15:00,15.0814921954839
2025-04-24 16:00,20.64803017079154
2025-04-24 17:00,27.46145346400648
2025-04-24 18:00,31.03513211898011
2025-04-24 19:00,30.790968432780655
2025-04-24 20:00,32.87563954335301
2025-04-24 21:00,31.450245040161153
2025-04-24 22:00,26.515797293771367
2025-04-24 23:00,24.896245354837543
2025-04-25 00:00,21.016788893944895
2025-04-25 01:00,20.424756804604026
2025-04-25 02:00,16.95440245713249
2025-04-25 03:00,17.949174086618804
2025-04-25 04:00,15.381279803292363
2025-04-25 05:00,9.308458607503153
2025-04-25 06:00,8.229091430985612
2025-04-25 07:00,7.7696764932831615
2025-04-25 08:00,4.957843061856476
2025-04-25 09:00,5.311813836121499
2025-04-25 10:00,4.690949154735403
2025-04-25 11:00,7.006618521451813
2025-04-25 12:00,8.442411228879903
2025-04-25 13:00,15.101607554864945
2025-04-25 14:00,15.836391381168871
2025-04-25 15:00,17.151852743524636
2025-04-25 16:00,15.415699079844297
2025-04-25 17:00,14.15173134051458
2025-04-25 18:00,12.289916653472709
2025-04-25 19:00,3.712385227768505
2025-04-25 20:00,0.7337636092955935
2025-04-25 21:00,0.5894388052505568
2025-04-25 22:00,0.12367186494235081
2025-04-25 23:00,1.092110698523297
2025-04-26 00:00,1.216299835641941
2025-04-26 01:00,1.411631760857586
2025-04-26 02:00,1.1988312090012765
2025-04-26 03:00,1.0203356239069437
2025-04-26 04:00,1.5777668390605835
2025-04-26 05:00,1.1514720305245698
2025-04-26 06:00,1.0916976607630335
2025-04-26 07:00,1.0357447660583705
2025-04-26 08:00,1.6918063789858548
2025-04-26 09:00,5.645672310241815
2025-04-26 10:00,5.026974927685382
2025-04-26 11:00,6.875919055735145
2025-04-26 12:00,11.841339989248343
2025-04-26 13:00,15.529830645415803
2025-04-26 14:00,17.509810284070877
2025-04-26 15:00,22.612919901829226
2025-04-26 16:00,21.17319413099317
2025-04-26 17:00,22.614373181856397
2025-04-26 18:00,22.753908519453727
2025-04-26 19:00,24.599082840556356
2025-04-26 20:00,27.282892004077915
2025-04-26 21:00,18.99511305798328
2025-04-26 22:00,14.498659937963795
2025-04-26 23:00,14.946050591035936
2025-04-27 00:00,12.415248390499436
2025-04-27 01:00,11.010022153097676
2025-04-27 02:00,8.638805046727967
2025-04-27 03:00,10.296365516004899
2025-04-27 04:00,9.839677468571836
2025-04-27 05:00,10.232606014672175
2025-04-27 06:00,10.442554746644308
2025-04-27 07:00,12.077172722379519
2025-04-27 08:00,10.572395019795957
2025-04-27 09:00,11.54753487194606
2025-04-27 10:00,10.485173220301009
2025-04-27 11:00,13.28018255115916
2025-04-27 12:00,8.439267179099215
2025-04-27 13:00,7.8369186972864995
2025-04-27 14:00,6.708486882419189
2025-04-27 15:00,7.774446990275998
2025-04-27 16:00,5.720584749583513
2025-04-27 17:00,3.078583879573525
2025-04-27 18:00,1.1242255088826973
2025-04-27 19:00,0.7478956562693252
2025-04-27 20:00,1.2313155234416475
2025-04-27 21:00,1.8437243108598658
2025-04-27 22:00,1.2073213733395873
2025-04-27 23:00,2.286631469571146
2025-04-28 00:00,3.014672747018124
2025-04-28 01:00,3.027923826806038
2025-04-28 02:00,1.625095390800297
2025-04-28 03:00,0.2170427356342467
2025-04-28 04:00,0.5815400247851024
2025-04-28 05:00,0.42053352886751605
2025-04-28 06:00,0.0
2025-04-28 07:00,0.7192244284293009
2025-04-28 08:00,1.1191874426619097
2025-04-28 09:00,1.81099190106206
2025-04-28 10:00,6.246317062304981
2025-04-28 11:00,9.675265035243868
2025-04-28 12:00,13.56352653709535
2025-04-28 13:00,23.04659979770378
2025-04-28 14:00,25.090584009139224
2025-04-28 15:00,27.900425666972694
2025-04-28 16:00,29.056563959580853
2025-04-28 17:00,33.993013428847085
2025-04-28 18:00,34.777216412499826
2025-04-28 19:00,33.17593895299661
2025-04-28 20:00,31.957082303020393
2025-04-28 21:00,20.720519194505886
2025-04-28 22:00,8.527684758400072
2025-04-28 23:00,2.7638812755204674
2025-04-29 00:00,6.8777435931225375
2025-04-29 01:00,6.5648564986180205
2025-04-29 02:00,2.5064848998485507
2025-04-29 03:00,2.1374645995711954
2025-04-29 04:00,2.677724377823863
2025-04-29 05:00,2.10776972245796
2025-04-29 06:00,1.5004345483617276
2025-04-29 07:00,0.500393810298972
2025-04-29 08:00,0.1486095731359764
2025-04-29 09:00,0.0
2025-04-29 10:00,0.0
2025-04-29 11:00,0.0
2025-04-29 12:00,0.0
2025-04-29 13:00,0.4218435661181951
2025-04-29 14:00,1.2832630550451276
2025-04-29 15:00,2.67938949963697
2025-04-29 16:00,3.1032485381321173
2025-04-29 17:00,4.757856886413624
2025-04-29 18:00,6.882948282107176
2025-04-29 19:00,10.915150367083283
2025-04-29 20:00,15.579736127082551
2025-04-29 21:00,9.974982064601882
2025-04-29 22:00,10.380126691203236
2025-04-29 23:00,12.878256434244477
2025-04-30 00:00,16.231807639050455
2025-04-30 01:00,24.41710677588877
2025-04-30 02:00,24.859034555304593
2025-04-30 03:00,26.121120010527406
2025-04-30 04:00,25.741171234570963
2025-04-30 05:00,29.675473073128167
2025-04-30 06:00,31.962966026430284
2025-04-30 07:00,34.144791984436075
2025-04-30 08:00,41.2368046175185
2025-04-30 09:00,42.23368444567587
2025-04-30 10:00,42.082164979563146
2025-04-30 11:00,43.34200413105847
2025-04-30 12:00,43.66788457228981
2025-04-30 13:00,42.89991503329421
2025-04-30 14:00,40.629713968875635
2025-04-30 15:00,40.63115028964478
2025-04-30 16:00,43.606780874515934
2025-04-30 17:00,42.97454639442815
2025-04-30 18:00,42.15699793194418
2025-04-30 19:00,43.16309369304056
2025-04-30 20:00,43.1607488188532
2025-04-30 21:00,47.16845990717365
2025-04-30 22:00,47.37801681854148
2025-04-30 23:00,48.27416787219912
2025-05-01 00:00,48.08866343040014
2025-05-01 01:00,49.94663144656551
2025-05-01 02:00,49.95004799399826
2025-05-01 03:00,50.89510223402636
2025-05-01 04:00,54.45434051215999
2025-05-01 05:00,54.32444695022209
2025-05-01 06:00,53.549434177786026
2025-05-01 07:00,54.56562086979722
2025-05-01 08:00,55.82109104304005
2025-05-01 09:00,56.26335443741256
2025-05-01 10:00,54.8884471466241
2025-05-01 11:00,54.91524680725035
2025-05-01 12:00,50.73066635261894
2025-05-01 13:00,45.04768774433443
2025-05-01 14:00,42.032159682099035
2025-05-01 15:00,35.23401348608853
2025-05-01 16:00,36.75438640816855
2025-05-01 17:00,25.105050801641003
2025-05-01 18:00,22.001655229073783
2025-05-01 19:00,22.030925419433522
2025-05-01 20:00,20.8527629438254
2025-05-01 21:00,20.742444904698164
2025-05-01 22:00,22.905086791463464
2025-05-01 23:00,22.477195647288557
2025-05-02 00:00,24.68335979829446
2025-05-02 01:00,23.127681899781564
2025-05-02 02:00,24.575609124163044
2025-05-02 03:00,27.851938745105645
2025-05-02 04:00,30.198523450050615
2025-05-02 05:00,33.38911251857617
2025-05-02 06:00,38.14351039557767
2025-05-02 07:00,42.46890729655171
2025-05-02 08:00,43.45215205444108
2025-05-02 09:00,40.688780232137276
2025-05-02 10:00,37.91291246081225
2025-05-02 11:00,31.574549870026406
2025-05-02 12:00,22.52971195207425
2025-05-02 13:00,20.154394750171527
2025-05-02 14:00,14.883419458483989
2025-05-02 15:00,14.043477387922739
2025-05-02 16:00,11.48588581613278
2025-05-02 17:00,11.86272821224187
2025-05-02 18:00,2.1058717313046436
2025-05-02 19:00,0.10305844544652545
2025-05-02 20:00,0.05421791840913372
2025-05-02 21:00,0.052713505416893104
2025-05-02 22:00,0.4290573329233105
2025-05-02 23:00,0.18399797574835824
2025-05-03 00:00,0.9985819917472467
2025-05-03 01:00,1.2532709689714643
2025-05-03 02:00,1.2877056748592084
2025-05-03 03:00,3.1811867726018037
2025-05-03 04:00,7.979560311859649
2025-05-03 05:00,8.363338388621857
2025-05-03 06:00,15.815305477915926
2025-05-03 07:00,19.46471341240805
2025-05-03 08:00,16.60892174724973
2025-05-03 09:00,16.433312096899087
2025-05-03 10:00,15.316032560342
2025-05-03 11:00,15.449043671766978
2025-05-03 12:00,14.890932949431418
2025-05-03 13:00,14.45744893767768
2025-05-03 14:00,14.514418694407322
2025-05-03 15:00,20.685529492877937
2025-05-03 16:00,29.151276895687484
2025-05-03 17:00,38.881923479249714
2025-05-03 18:00,43.10738056540089
2025-05-03 19:00,40.02430664880139
2025-05-03 20:00,35.66961104466789
2025-05-03 21:00,31.069720465925304
2025-05-03 22:00,15.886889827267932
2025-05-03 23:00,8.357308671095808
2025-05-04 00:00,5.129263460630827
2025-05-04 01:00,2.910702603011296
2025-05-04 02:00,2.18925877080658
2025-05-04 03:00,2.063174338743531
2025-05-04 04:00,1.724454140961857
2025-05-04 05:00,1.8313247824513095
2025-05-04 06:00,0.9433242357450545
2025-05-04 07:00,0.831635268460392
2025-05-04 08:00,0.4908346341991844
2025-05-04 09:00,0.8912036811482948
2025-05-04 10:00,1.5776162607919821
2025-05-04 11:00,2.9986274056607787
2025-05-04 12:00,9.00395418886833
2025-05-04 13:00,12.16045324497973
2025-05-04 14:00,17.210505791908176
2025-05-04 15:00,17.606433245413193
2025-05-04 16:00,13.82453194254757
2025-05-04 17:00,15.90007862202041
2025-05-04 18:00,12.355027847348143
2025-05-04 19:00,1.2204660906104747
2025-05-04 20:00,0.5248844721727823
2025-05-04 21:00,0.37018456502781427
2025-05-04 22:00,0.37917079204635934
2025-05-04 23:00,0.1586623361831425
2025-05-05 00:00,0.13689038201731907
2025-05-05 01:00,0.0
2025-05-05 02:00,0.8341205984832579
2025-05-05 03:00,0.18436400909017744
2025-05-05 04:00,0.5809809882844265
2025-05-05 05:00,1.299592988325716
2025-05-05 06:00,0.9545303495001987
2025-05-05 07:00,0.5889736227334541
2025-05-05 08:00,0.8710345337239996
2025-05-05 09:00,0.4709048361956747
2025-05-05 10:00,0.8429675056754788
2025-05-05 11:00,1.4823912413113474
2025-05-05 12:00,1.2918582383954793
2025-05-05 13:00,0.5715022100473492
2025-05-05 14:00,1.645420699363356
2025-05-05 15:00,3.3989422760555508
2025-05-05 16:00,3.5537224370415466
2025-05-05 17:00,4.232016613873649
2025-05-05 18:00,4.292539047819578
2025-05-05 19:00,4.853956600660221
2025-05-05 20:00,5.224171107645387
2025-05-05 21:00,7.419685627435362
2025-05-05 22:00,6.519716749880581
2025-05-05 23:00,7.246701793165958
2025-05-06 00:00,10.022420705424835
2025-05-06 01:00,10.660619413226705
2025-05-06 02:00,9.235771079135368
2025-05-06 03:00,9.919296681379759
2025-05-06 04:00,9.797486724574666
2025-05-06 05:00,9.330101161554753
2025-05-06 06:00,9.60159798477126
2025-05-06 07:00,8.739653099543938
2025-05-06 08:00,9.032935714078828
2025-05-06 09:00,8.018175172862858
2025-05-06 10:00,6.602129498751787
2025-05-06 11:00,0.7805851113415336
2025-05-06 12:00,1.2863132950731686
2025-05-06 13:00,4.009656902217828
2025-05-06 14:00,5.436069755407935
2025-05-06 15:00,6.498238022971018
2025-05-06 16:00,7.87989537879074
2025-05-06 17:00,14.800200100720135
2025-05-06 18:00,11.213652642064373
2025-05-06 19:00,9.527438501169135
2025-05-06 20:00,7.1053643498027785
2025-05-06 21:00,5.871583468139903
2025-05-06 22:00,1.458859687254744
2025-05-06 23:00,0.6593864142068658
2025-05-07 00:00,2.2735780839664956
2025-05-07 01:00,1.7556920755685705
2025-05-07 02:00,1.023524719560887
2025-05-07 03:00,1.0699698312621118
2025-05-07 04:00,0.5682426976332725
2025-05-07 05:00,0.666883429118224
2025-05-07 06:00,0.7718219738102737
2025-05-07 07:00,0.42414328590117667
2025-05-07 08:00,0.2384703459899758
2025-05-07 09:00,0.0
2025-05-07 10:00,0.0414063470079404
2025-05-07 11:00,0.33708906613999673
2025-05-07 12:00,0.5934723125888915
2025-05-07 13:00,1.7604011167902605
2025-05-07 14:00,3.400494961088053
2025-05-07 15:00,4.830415905265856
2025-05-07 16:00,5.175661423429922
2025-05-07 17:00,3.752775148598322
2025-05-07 18:00,2.86704750832925
2025-05-07 19:00,1.688499294675917
2025-05-07 20:00,1.1960267335765944
2025-05-07 21:00,0.5392702257168952
2025-05-07 22:00,0.3853785521250695
2025-05-07 23:00,0.25481543643662724
2025-05-08 00:00,0.006294387462880561
2025-05-08 01:00,0.6384282294261254
2025-05-08 02:00,1.362088310980346
2025-05-08 03:00,1.5538636135009525
2025-05-08 04:00,1.6671414597603524
2025-05-08 05:00,2.1586475006327626
2025-05-08 06:00,1.6573034386962482
2025-05-08 07:00,2.0001557356987023
2025-05-08 08:00,2.003004126316676
2025-05-08 09:00,1.2071807140266508
2025-05-08 10:00,1.4633942651446357
2025-05-08 11:00,1.3502658071992342
2025-05-08 12:00,2.108877568545383
2025-05-08 13:00,2.941366935621536
2025-05-08 14:00,4.336474343261448
2025-05-08 15:00,10.021442240256109
2025-05-08 16:00,12.879335801765647
2025-05-08 17:00,10.865885311104098
2025-05-08 18:00,10.301640819313556
2025-05-08 19:00,9.627061099843068
2025-05-08 20:00,9.13863554992775
2025-05-08 21:00,2.6887008473130227
2025-05-08 22:00,2.258299203310675
2025-05-08 23:00,2.965633929610617
2025-05-09 00:00,2.661706286916471
2025-05-09 01:00,4.209006907337137
2025-05-09 02:00,12.505018443003841
2025-05-09 03:00,7.498466231679244
2025-05-09 04:00,16.738798044110855
2025-05-09 05:00,22.199869959894393
2025-05-09 06:00,20.36511073210451
2025-05-09 07:00,35.549379729505006
2025-05-09 08:00,43.093283380058644
2025-05-09 09:00,43.76833311871871
2025-05-09 10:00,46.200879388206964
2025-05-09 11:00,47.968130063833804
2025-05-09 12:00,48.05541425598477
2025-05-09 13:00,47.07370506465663
2025-05-09 14:00,49.28601983394122
2025-05-09 15:00,54.2418275225199
2025-05-09 16:00,55.6991685356109
2025-05-09 17:00,53.97566551482352
2025-05-09 18:00,52.67100939766725
2025-05-09 19:00,52.75251862032239
2025-05-09 20:00,52.90949839757784
2025-05-09 21:00,53.40588775331064
2025-05-09 22:00,53.26847065519748
2025-05-09 23:00,57.97567560804646
2025-05-10 00:00,54.91924635334569
2025-05-10 01:00,52.466800426917224
2025-05-10 02:00,49.48052032533272
2025-05-10 03:00,53.43748244610629
2025-05-10 04:00,49.606962476293944
2025-05-10 05:00,50.859863732181985
2025-05-10 06:00,51.32496879302755
2025-05-10 07:00,50.88008679651953
2025-05-10 08:00,51.13039210508624
2025-05-10 09:00,51.81679335117198
2025-05-10 10:00,52.650202791206354
2025-05-10 11:00,53.793720450108744
2025-05-10 12:00,54.476879932886916
2025-05-10 13:00,53.6573797579156
2025-05-10 14:00,53.42914495724388
2025-05-10 15:00,53.51599710330153
2025-05-10 16:00,52.18968926803769
2025-05-10 17:00,50.75719663432989
2025-05-10 18:00,50.99302315100934
2025-05-10 19:00,42.95433058842213
2025-05-10 20:00,32.888807869778994
2025-05-10 21:00,28.92176311602305
2025-05-10 22:00,22.873972531053408
2025-05-10 23:00,17.481577054722184
2025-05-11 00:00,12.163421906981723
2025-05-11 01:00,5.077661066124143
2025-05-11 02:00,4.131348554674674
2025-05-11 03:00,5.1386795617150645
2025-05-11 04:00,2.516520715208156
2025-05-11 05:00,1.127077480272976
2025-05-11 06:00,1.3284450057493273
2025-05-11 07:00,1.0703393066894555
2025-05-11 08:00,1.2506401786871741
2025-05-11 09:00,1.9525531438966344
2025-05-11 10:00,1.5459137319797347
2025-05-11 11:00,5.6834497017344106
2025-05-11 12:00,6.668797905687325
2025-05-11 13:00,9.149167660852136
2025-05-11 14:00,9.794608123572699
2025-05-11 15:00,9.659681502076928
2025-05-11 16:00,10.126620166561295
2025-05-11 17:00,7.078619511848649
2025-05-11 18:00,3.9068883973505666
2025-05-11 19:00,5.239861405382438
2025-05-11 20:00,2.853190055846851
2025-05-11 21:00,3.468149896253717
2025-05-11 22:00,4.1072530560455744
2025-05-11 23:00,5.610147638703752
2025-05-12 00:00,8.876535660706477
2025-05-12 01:00,6.754232587313013
2025-05-12 02:00,8.118314986013699
2025-05-12 03:00,6.241273852311473
2025-05-12 04:00,5.715054081561869
2025-05-12 05:00,7.4251133133304235
2025-05-12 06:00,7.592219520239909
2025-05-12 07:00,5.150309585749141
2025-05-12 08:00,5.2291123757307805
2025-05-12 09:00,5.303934615287686
2025-05-12 10:00,8.733754967055635
2025-05-12 11:00,13.796562869667863
2025-05-12 12:00,12.296155300261594
2025-05-12 13:00,17.205808791821063
2025-05-12 14:00,22.095182545341377
2025-05-12 15:00,25.164590197767918
2025-05-12 16:00,29.43749759508202
2025-05-12 17:00,25.95237651213284
2025-05-12 18:00,26.547031155769233
2025-05-12 19:00,26.86418108813745
2025-05-12 20:00,25.486943714962617
2025-05-12 21:00,23.32180023220899
2025-05-12 22:00,17.625273677783277
2025-05-12 23:00,19.61715633831416
2025-05-13 00:00,28.73471819602323
2025-05-13 01:00,27.878924251397752
2025-05-13 02:00,27.823634170106725
2025-05-13 03:00,26.8116529664553
2025-05-13 04:00,30.024597916056138
2025-05-13 05:00,31.100652823382475
2025-05-13 06:00,31.669857224081543
2025-05-13 07:00,32.2037917869101
2025-05-13 08:00,37.03774004561179
2025-05-13 09:00,42.763311249104504
2025-05-13 10:00,37.48170623010161
2025-05-13 11:00,38.564453775971856
2025-05-13 12:00,38.5199074522477
2025-05-13 13:00,38.04375543193102
2025-05-13 14:00,38.12022958382182
2025-05-13 15:00,39.20002617236659
2025-05-13 16:00,33.85217921557638
2025-05-13 17:00,30.033662958027413
2025-05-13 18:00,29.82851672750227
2025-05-13 19:00,23.674911880989004
2025-05-13 20:00,19.44943008582875
2025-05-13 21:00,9.230441240899584
2025-05-13 22:00,7.295471235598353
2025-05-13 23:00,6.003607295718556
2025-05-14 00:00,8.986036511010017
2025-05-14 01:00,6.8449785393161715
2025-05-14 02:00,7.155117636462746
2025-05-14 03:00,12.402280811693036
2025-05-14 04:00,8.913698941244977
2025-05-14 05:00,9.144562456560346
2025-05-14 06:00,8.08903498470048
2025-05-14 07:00,11.913700296843075
2025-05-14 08:00,11.2589310104882
2025-05-14 09:00,13.294141495785803
2025-05-14 10:00,15.412181419158742
2025-05-14 11:00,23.142608697461984
2025-05-14 12:00,27.547073408194397
2025-05-14 13:00,32.55977128284193
2025-05-14 14:00,36.145135452360186
2025-05-14 15:00,35.254793020296745
2025-05-14 16:00,36.837421922175466
2025-05-14 17:00,36.452257186085305
2025-05-14 18:00,34.516333806979375
2025-05-14 19:00,35.88815677648815
2025-05-14 20:00,40.10381918844394
2025-05-14 21:00,41.402723943079586
2025-05-14 22:00,39.2941021061555
2025-05-14 23:00,42.35269930647735
2025-05-15 00:00,42.194154226098824
2025-05-15 01:00,44.52187257559509
2025-05-15 02:00,43.73750469732462
2025-05-15 03:00,42.05260344351802
2025-05-15 04:00,38.44523439726667
2025-05-15 05:00,34.76352492318159
2025-05-15 06:00,37.70196971533433
2025-05-15 07:00,28.591496996083254
2025-05-15 08:00,26.012708370687715
2025-05-15 09:00,29.366323458069214
2025-05-15 10:00,27.41433599839554
2025-05-15 11:00,25.930790434492007
2025-05-15 12:00,23.00537418655384
2025-05-15 13:00,23.84996735213785
2025-05-15 14:00,17.950966301235336
2025-05-15 15:00,18.72207718160924
2025-05-15 16:00,18.289817780490825
2025-05-15 17:00,18.360524724539886
2025-05-15 18:00,17.981474058680796
2025-05-15 19:00,23.480468671131497
2025-05-15 20:00,26.210999727003138
2025-05-15 21:00,22.403121674413566
2025-05-15 22:00,18.941152191391808
2025-05-15 23:00,18.135621421760888
2025-05-16 00:00,20.054424601208016
2025-05-16 01:00,15.65410378083817
2025-05-16 02:00,11.94231254827239
2025-05-16 03:00,13.035956620282402
2025-05-16 04:00,18.01663634460289
2025-05-16 05:00,16.56831936697985
2025-05-16 06:00,12.993675115397332
2025-05-16 07:00,15.550282182298286
2025-05-16 08:00,14.841712538257106
2025-05-16 09:00,15.22437929943858
2025-05-16 10:00,16.242072536961782
2025-05-16 11:00,16.601419587945806
2025-05-16 12:00,23.64307701511869
2025-05-16 13:00,27.029536660223602
2025-05-16 14:00,24.176920709267932
2025-05-16 15:00,27.87400706334853
2025-05-16 16:00,33.035655890309364
2025-05-16 17:00,38.62182440297371
2025-05-16 18:00,41.11294740235405
2025-05-16 19:00,38.66329532680154
2025-05-16 20:00,41.643741060877694
2025-05-16 21:00,38.1338396681332
2025-05-16 22:00,32.35792702645934
2025-05-16 23:00,32.7303096503959
2025-05-17 00:00,29.634613573198717
2025-05-17 01:00,25.979094181429765
2025-05-17 02:00,14.727209927527793
2025-05-17 03:00,11.850476756265842
2025-05-17 04:00,13.612821782394953
2025-05-17 05:00,12.75389513548806
2025-05-17 06:00,9.480701546969842
2025-05-17 07:00,6.4008363767792495
2025-05-17 08:00,6.089707508954788
2025-05-17 09:00,3.53185893990712
2025-05-17 10:00,2.1865938093631008
2025-05-17 11:00,2.1976369188702236
2025-05-17 12:00,1.9423965928745968
2025-05-17 13:00,1.8442269372609303
2025-05-17 14:00,3.7251110720467033
2025-05-17 15:00,7.469529960867293
2025-05-17 16:00,9.2485966169058
2025-05-17 17:00,17.120699448586596
2025-05-17 18:00,21.0787167479302
2025-05-17 19:00,23.404284590305192
2025-05-17 20:00,21.881240066240796
2025-05-17 21:00,18.73166949362475
2025-05-17 22:00,21.68444438918922
2025-05-17 23:00,21.154161628097757
2025-05-18 00:00,22.31490080155703
2025-05-18 01:00,15.602067811846753
2025-05-18 02:00,14.17227732405219
2025-05-18 03:00,11.416715251336583
2025-05-18 04:00,11.907089688285547
2025-05-18 05:00,11.05342138271697
2025-05-18 06:00,10.221859117810206
2025-05-18 07:00,8.888819321855866
2025-05-18 08:00,6.319644239370435
2025-05-18 09:00,5.163613926616075
2025-05-18 10:00,3.767498747299873
2025-05-18 11:00,3.3586045442012735
2025-05-18 12:00,4.733773000362382
2025-05-18 13:00,6.091754489594646
2025-05-18 14:00,6.256910453777254
2025-05-18 15:00,4.732138626838369
2025-05-18 16:00,3.847072974511037
2025-05-18 17:00,2.339903709130461
2025-05-18 18:00,0.8401471349025454
2025-05-18 19:00,0.7658745032735634
2025-05-18 20:00,0.40054412968461006
2025-05-18 21:00,0.17523466492758982
2025-05-18 22:00,0.13657475726539123
2025-05-18 23:00,0.11027064729217402
2025-05-19 00:00,0.9484608378774252
2025-05-19 01:00,0.5440146737196124
2025-05-19 02:00,1.2109940259954592
2025-05-19 03:00,1.9034737682035305
2025-05-19 04:00,3.3084458097738665
2025-05-19 05:00,8.4519053110103
2025-05-19 06:00,18.673239015913904
2025-05-19 07:00,29.691256867207365
2025-05-19 08:00,41.40903421679082
2025-05-19 09:00,44.07241524451316
2025-05-19 10:00,47.3087625092934
2025-05-19 11:00,46.92726955404105
2025-05-19 12:00,50.189266321202254
2025-05-19 13:00,49.771644595404304
2025-05-19 14:00,49.53986964549854
2025-05-19 15:00,48.39294888500084
2025-05-19 16:00,44.76096466924204
2025-05-19 17:00,43.530445101738465
2025-05-19 18:00,36.628220645319985
2025-05-19 19:00,39.38483434594157
2025-05-19 20:00,40.22000586830408
2025-05-19 21:00,43.34006105799167
2025-05-19 22:00,45.49613946866731
2025-05-19 23:00,46.408296632380804
2025-05-20 00:00,50.573428326873476
2025-05-20 01:00,45.43730125053539
2025-05-20 02:00,44.07218291387817
2025-05-20 03:00,45.22677508255087
2025-05-20 04:00,44.97672226195285
2025-05-20 05:00,43.56542579137544
2025-05-20 06:00,43.3279446334256
2025-05-20 07:00,43.58633988792912
2025-05-20 08:00,42.948891540306256
2025-05-20 09:00,42.65232245419205
2025-05-20 10:00,40.29224333154701
2025-05-20 11:00,39.67833188630433
2025-05-20 12:00,40.61891109678314
2025-05-20 13:00,39.35992710954916
2025-05-20 14:00,34.83120020254323
2025-05-20 15:00,31.53701882437247
2025-05-20 16:00,31.72121885291954
2025-05-20 17:00,34.64106186103907
2025-05-20 18:00,25.81180187043578
2025-05-20 19:00,32.11850371394714
2025-05-20 20:00,32.5430026449151
2025-05-20 21:00,27.30133245491737
2025-05-20 22:00,27.77182545770211
2025-05-20 23:00,25.02103798441075
2025-05-21 00:00,27.29715686534966
2025-05-21 01:00,25.77584878954421
2025-05-21 02:00,20.672606686585244
2025-05-21 03:00,20.15693509826257
2025-05-21 04:00,18.703897971579195
2025-05-21 05:00,10.162600481092257
2025-05-21 06:00,9.438898281528042
2025-05-21 07:00,7.067410687844513
2025-05-21 08:00,5.935275446564837
2025-05-21 09:00,4.140577844353582
2025-05-21 10:00,2.73583332156814
2025-05-21 11:00,2.2234763564952313
2025-05-21 12:00,1.7181527857582153
2025-05-21 13:00,1.4511918143725957
2025-05-21 14:00,1.8917291673791543
2025-05-21 15:00,1.521600651651306
2025-05-21 16:00,1.812772069319574
2025-05-21 17:00,0.7094902899667517
2025-05-21 18:00,0.3846226684202366
2025-05-21 19:00,1.1795572400253411
2025-05-21 20:00,4.422194370103463
2025-05-21 21:00,5.0205861197354
2025-05-21 22:00,4.55858973201554
2025-05-21 23:00,6.962953001500568
2025-05-22 00:00,7.635254157463797
2025-05-22 01:00,6.291952129569341
2025-05-22 02:00,6.809733350034141
2025-05-22 03:00,9.954574163837838
2025-05-22 04:00,8.972166331987474
2025-05-22 05:00,5.30595834130001
2025-05-22 06:00,7.374006029578948
2025-05-22 07:00,3.5630796962338382
2025-05-22 08:00,2.717048667938429
2025-05-22 09:00,2.292326986537789
2025-05-22 10:00,1.475354062617851
2025-05-22 11:00,1.1501109289297338
2025-05-22 12:00,1.4473275574924838
2025-05-22 13:00,2.436497572571603
2025-05-22 14:00,3.1671329203933913
2025-05-22 15:00,3.591372123053713
2025-05-22 16:00,5.676592780031232
2025-05-22 17:00,4.641731564910696
2025-05-22 18:00,2.3395619423819087
2025-05-22 19:00,0.0
2025-05-22 20:00,0.9504381802709877
2025-05-22 21:00,0.9646180207540984
2025-05-22 22:00,1.4084978399087484
2025-05-22 23:00,1.3056712658934555
2025-05-23 00:00,2.7627799281504846
2025-05-23 01:00,1.4699998234609943
2025-05-23 02:00,0.8037437907247419
2025-05-23 03:00,0.930579406123574
2025-05-23 04:00,0.64650786941293
2025-05-23 05:00,0.33111110586822595
2025-05-23 06:00,0.41730692982245093
2025-05-23 07:00,0.46466397015209887
2025-05-23 08:00,0.2953588566809933
2025-05-23 09:00,0.6384217716046853
2025-05-23 10:00,0.8584811135409999
2025-05-23 11:00,1.582434666614446
2025-05-23 12:00,1.2603070129890426
2025-05-23 13:00,2.197105010426807
2025-05-23 14:00,2.304258840446593
2025-05-23 15:00,2.639769818086866
2025-05-23 16:00,2.6832403668075617
2025-05-23 17:00,2.453873087556353
2025-05-23 18:00,1.8872861352805368
2025-05-23 19:00,5.4420601785280915
2025-05-23 20:00,5.304530913683528
2025-05-23 21:00,4.210353090949026
2025-05-23 22:00,2.68711410710105
2025-05-23 23:00,1.813737225891011
2025-05-24 00:00,4.590238474724058
2025-05-24 01:00,3.724038505927373
2025-05-24 02:00,6.381499427911863
2025-05-24 03:00,6.383522816362617
2025-05-24 04:00,5.302018470729534
2025-05-24 05:00,6.138869856637908
2025-05-24 06:00,7.135298105978403
2025-05-24 07:00,7.347433000783297
2025-05-24 08:00,6.5587588509795385
2025-05-24 09:00,6.145567666049883
2025-05-24 10:00,4.57526995864877
2025-05-24 11:00,5.546641394334612
2025-05-24 12:00,7.753040300520371
2025-05-24 13:00,12.397821327078862
2025-05-24 14:00,15.498353088118831
2025-05-24 15:00,17.87417023224864
2025-05-24 16:00,20.679911926928185
2025-05-24 17:00,21.359940999502943
2025-05-24 18:00,20.185790619923498
2025-05-24 19:00,18.94277915196065
2025-05-24 20:00,18.41384112503555
2025-05-24 21:00,14.258597881137959
2025-05-24 22:00,17.600023488479312
2025-05-24 23:00,15.530111807838901
2025-05-25 00:00,13.788057588783934
2025-05-25 01:00,12.902432121497807
2025-05-25 02:00,12.330611040801717
2025-05-25 03:00,13.807901586245617
2025-05-25 04:00,13.026012122827145
2025-05-25 05:00,14.80193267872221
2025-05-25 06:00,11.974899040731456
2025-05-25 07:00,7.410247183097308
2025-05-25 08:00,5.4386097572293
2025-05-25 09:00,3.7331233056694413
2025-05-25 10:00,2.903312683370046
2025-05-25 11:00,2.30209540194115
2025-05-25 12:00,2.87614961815245
2025-05-25 13:00,3.3466928394680058
2025-05-25 14:00,3.661828201000402
2025-05-25 15:00,4.147136319863221
2025-05-25 16:00,2.5629135778614094
2025-05-25 17:00,1.4121667667245783
2025-05-25 18:00,0.9684458893891329
2025-05-25 19:00,0.2289473971922176
2025-05-25 20:00,0.0069082797163310655
2025-05-25 21:00,0.23278346870537392
2025-05-25 22:00,0.8288336619978776
2025-05-25 23:00,1.0082561393471452
2025-05-26 00:00,1.2618276150415457
2025-05-26 01:00,1.2225354398517592
2025-05-26 02:00,0.6939968976883076
2025-05-26 03:00,0.7645451795534385
2025-05-26 04:00,0.4347513196083794
2025-05-26 05:00,0.5735460327935556
2025-05-26 06:00,0.9405602759955534
2025-05-26 07:00,1.1876527887357735
2025-05-26 08:00,2.274206208751292
2025-05-26 09:00,4.976058814203784
2025-05-26 10:00,6.457123788156727
2025-05-26 11:00,8.591731881321012
2025-05-26 12:00,11.822449920470424
2025-05-26 13:00,16.769453659080142
2025-05-26 14:00,18.461188822994067
2025-05-26 15:00,17.46018155477865
2025-05-26 16:00,13.931798051904714
2025-05-26 17:00,10.939014487167674
2025-05-26 18:00,9.151396210009258
2025-05-26 19:00,9.423898010325333
2025-05-26 20:00,9.090155594263946
2025-05-26 21:00,6.492849088601894
2025-05-26 22:00,3.68580128841129
2025-05-26 23:00,4.635548880336936
2025-05-27 00:00,4.42767245044339
2025-05-27 01:00,2.6332591612545007
2025-05-27 02:00,2.359256997861183
2025-05-27 03:00,1.218599697828698
2025-05-27 04:00,1.2063659787264804
2025-05-27 05:00,0.9182375731891304
2025-05-27 06:00,1.1208054062978223
2025-05-27 07:00,1.5026972325091876
2025-05-27 08:00,1.523661680836603
2025-05-27 09:00,1.7150304713692603
2025-05-27 10:00,0.5742761442956429
2025-05-27 11:00,1.3386497543521636
2025-05-27 12:00,3.074391254443603
2025-05-27 13:00,3.9198839535531897
2025-05-27 14:00,5.11485582940838
2025-05-27 15:00,5.205993895909678
2025-05-27 16:00,4.204800463965277
2025-05-27 17:00,2.1245544347400145
2025-05-27 18:00,0.8043940091202303
2025-05-27 19:00,0.17520655069462573
2025-05-27 20:00,0.0
2025-05-27 21:00,0.0
2025-05-27 22:00,0.36927816954196163
2025-05-27 23:00,0.4571075461756033
2025-05-28 00:00,0.3846754935550424
2025-05-28 01:00,0.41240008302592596
2025-05-28 02:00,0.4055684886075408
2025-05-28 03:00,0.43451877471232636
2025-05-28 04:00,0.14724040074359396
2025-05-28 05:00,0.648556265312507
2025-05-28 06:00,0.24992018920398917
2025-05-28 07:00,0.0
2025-05-28 08:00,0.0976558791240895
2025-05-28 09:00,0.0
2025-05-28 10:00,0.2912959364927173
2025-05-28 11:00,0.3593750626644581
2025-05-28 12:00,1.6065916520978585
2025-05-28 13:00,3.100323832333395
2025-05-28 14:00,4.895748712707294
2025-05-28 15:00,5.537403919376262
2025-05-28 16:00,7.014077202829631
2025-05-28 17:00,6.751969911294572
2025-05-28 18:00,6.870082376022058
2025-05-28 19:00,6.428997194311335
2025-05-28 20:00,4.476217683392329
2025-05-28 21:00,1.6964483609489764
2025-05-28 22:00,0.9247547066536461
2025-05-28 23:00,0.5983956747092519
2025-05-29 00:00,0.9328725593692472
2025-05-29 01:00,0.5563279263472322
2025-05-29 02:00,1.0144523234078342
2025-05-29 03:00,1.3108754360763482
2025-05-29 04:00,1.4797671418041618
2025-05-29 05:00,0.5564585924447446
2025-05-29 06:00,0.16208611146900323
2025-05-29 07:00,0.47479838332997676
2025-05-29 08:00,0.5497583128099595
2025-05-29 09:00,0.8113872947482252
2025-05-29 10:00,0.3859300295297978
2025-05-29 11:00,2.395817373635292
2025-05-29 12:00,5.518925349349143
2025-05-29 13:00,7.942011319278387
2025-05-29 14:00,9.926075116034855
2025-05-29 15:00,14.961747636010195
2025-05-29 16:00,17.965199911409034
2025-05-29 17:00,16.054309125081893
2025-05-29 18:00,10.529726747111987
2025-05-29 19:00,8.167749440148
2025-05-29 20:00,5.543935937262608
2025-05-29 21:00,4.752580635055564
2025-05-29 22:00,3.695078360739581
2025-05-29 23:00,1.6919281365095649
2025-05-30 00:00,3.054820477243756
2025-05-30 01:00,2.6780700290917254
2025-05-30 02:00,3.1270795489887253
2025-05-30 03:00,3.104608285329005
2025-05-30 04:00,2.2797115715573146
2025-05-30 05:00,0.5727416818705283
2025-05-30 06:00,0.6514578931003039
2025-05-30 07:00,0.548656694519495
2025-05-30 08:00,0.13940902189297288
2025-05-30 09:00,0.0
2025-05-30 10:00,0.13828193497944005
2025-05-30 11:00,1.263888803997031
2025-05-30 12:00,3.417924149973121
2025-05-30 13:00,8.232641094070718
2025-05-30 14:00,4.754994328112257
2025-05-30 15:00,5.921318459949493
2025-05-30 16:00,7.469184840443225
2025-05-30 17:00,4.2163578634618695
2025-05-30 18:00,3.732635446750312
2025-05-30 19:00,1.6485871665436171
2025-05-30 20:00,0.9584692883230485
2025-05-30 21:00,0.47422178535254655
2025-05-30 22:00,0.5330928206546409
2025-05-30 23:00,0.4292548540076288
2025-05-31 00:00,1.8927067437322345
2025-05-31 01:00,1.532268678727589
2025-05-31 02:00,0.911135639061593
2025-05-31 03:00,0.8937440460479487
2025-05-31 04:00,0.10847793607923881
2025-05-31 05:00,0.12968495962683405
2025-05-31 06:00,0.18730426517085974
2025-05-31 07:00,0.6381667619197785
2025-05-31 08:00,0.0
2025-05-31 09:00,0.1306616442787384
2025-05-31 10:00,0.0
2025-05-31 11:00,0.19032395071289346
2025-05-31 12:00,0.42763262484026227
2025-05-31 13:00,2.4676572238795678
2025-05-31 14:00,1.8939221593509759
2025-05-31 15:00,3.921112966892219
2025-05-31 16:00,2.710403087982179
2025-05-31 17:00,0.8266923270071763
2025-05-31 18:00,0.6774485740957659
2025-05-31 19:00,0.9372360925101184
2025-05-31 20:00,0.6461896644737085
2025-05-31 21:00,0.2196261020600546
2025-05-31 22:00,0.0
2025-05-31 23:00,0.20614892343730443
2025-06-01 00:00,0.67172668987017
2025-06-01 01:00,0.820441236990167
2025-06-01 02:00,0.45011397517385354
2025-06-01 03:00,0.04940085209239294
2025-06-01 04:00,0.13822722960879588
2025-06-01 05:00,0.373158454570504
2025-06-01 06:00,1.4035113784252775
2025-06-01 07:00,0.0
2025-06-01 08:00,0.1371897517693939
2025-06-01 09:00,0.04241457877646285
2025-06-01 10:00,0.14139823775242816
2025-06-01 11:00,0.09098683071884918
2025-06-01 12:00,0.3322934542860636
2025-06-01 13:00,1.0982716315832084
2025-06-01 14:00,1.9832949001603541
2025-06-01 15:00,2.096598003840324
2025-06-01 16:00,3.4155322790294647
2025-06-01 17:00,0.8986334903380302
2025-06-01 18:00,0.28218046591241736
2025-06-01 19:00,0.4860420488870116
2025-06-01 20:00,0.998975346682357
2025-06-01 21:00,0.5810043266824978
2025-06-01 22:00,0.8494648454397133
2025-06-01 23:00,1.0497900938239817
2025-06-02 00:00,1.2643247134613795
2025-06-02 01:00,1.1871088988630394
2025-06-02 02:00,0.6541049934224417
2025-06-02 03:00,0.39947925802044537
2025-06-02 04:00,0.2632369760984228
2025-06-02 05:00,0.3546558571651956
2025-06-02 06:00,0.3677092861979957
2025-06-02 07:00,0.2966076245909927
2025-06-02 08:00,0.06993206771790762
2025-06-02 09:00,0.4483244347900368
2025-06-02 10:00,0.3855247364822552
2025-06-02 11:00,0.7800115241061825
2025-06-02 12:00,0.9279685254399889
2025-06-02 13:00,0.8467826016753738
2025-06-02 14:00,0.09547296624452119
2025-06-02 15:00,2.0053554954575827
2025-06-02 16:00,2.850832882141129
2025-06-02 17:00,3.961811357625651
2025-06-02 18:00,3.5922279372728414
2025-06-02 19:00,6.290048385870312
2025-06-02 20:00,9.694930460194138
2025-06-02 21:00,7.724618404477374
2025-06-02 22:00,4.3285515402982675
2025-06-02 23:00,2.9484109951152537
2025-06-03 00:00,3.639665972805923
2025-06-03 01:00,3.0893822918346823
2025-06-03 02:00,2.330241553579344
2025-06-03 03:00,2.929685852338233
2025-06-03 04:00,2.793214394855566
2025-06-03 05:00,3.9245735595886893
2025-06-03 06:00,6.694996397518843
2025-06-03 07:00,5.559502444969612
2025-06-03 08:00,4.49332305651482
2025-06-03 09:00,4.598757561416328
2025-06-03 10:00,3.0841462872741907
2025-06-03 11:00,7.713742936681764
2025-06-03 12:00,14.259524711057274
2025-06-03 13:00,16.377796591756137
2025-06-03 14:00,19.904935568338388
2025-06-03 15:00,18.048294314726675
2025-06-03 16:00,10.988595682287063
2025-06-03 17:00,6.77303484303179
2025-06-03 18:00,5.230418185066277
2025-06-03 19:00,8.836098642715388
2025-06-03 20:00,10.575823433433982
2025-06-03 21:00,3.4907660527093087
2025-06-03 22:00,4.650617184388302
2025-06-03 23:00,3.6408213543451056
2025-06-04 00:00,7.6189861337390665
2025-06-04 01:00,7.12734184691322
2025-06-04 02:00,9.394577813561186
2025-06-04 03:00,10.7569420901798
2025-06-04 04:00,11.239864163911278
2025-06-04 05:00,12.305653482866218
2025-06-04 06:00,11.99255025693103
2025-06-04 07:00,11.136699825164108
2025-06-04 08:00,10.023652847461797
2025-06-04 09:00,6.321576500398932
2025-06-04 10:00,3.7947926390153044
2025-06-04 11:00,7.792740338894174
2025-06-04 12:00,11.023506862861831
2025-06-04 13:00,15.25149311508701
2025-06-04 14:00,15.768423093739614
2025-06-04 15:00,12.692806478896681
2025-06-04 16:00,12.201472979316137
2025-06-04 17:00,15.26196399151045
2025-06-04 18:00,12.390719372730935
2025-06-04 19:00,17.659166115047043
2025-06-04 20:00,20.55403714192432
2025-06-04 21:00,6.261332648668828
2025-06-04 22:00,1.4728364693329186
2025-06-04 23:00,1.1122420724888942
2025-06-05 00:00,2.640420174140843
2025-06-05 01:00,0.9659722803513408
2025-06-05 02:00,1.1466286078466028
2025-06-05 03:00,1.4981705640665182
2025-06-05 04:00,1.1609276209103683
2025-06-05 05:00,1.7426191146339853
2025-06-05 06:00,1.5586155863184692
2025-06-05 07:00,1.2004634006820816
2025-06-05 08:00,1.4520123257933586
2025-06-05 09:00,1.0587574444973273
2025-06-05 10:00,0.9272655912019441
2025-06-05 11:00,1.6118428319611011
2025-06-05 12:00,3.94916892139153
2025-06-05 13:00,5.096435260232001
2025-06-05 14:00,5.465612920716814
2025-06-05 15:00,8.08154320467088
2025-06-05 16:00,8.190179433817413
2025-06-05 17:00,12.695695568002892
2025-06-05 18:00,16.654720048868615
2025-06-05 19:00,16.656543871222173
2025-06-05 20:00,22.444099425606893
2025-06-05 21:00,19.00957658180139
2025-06-05 22:00,19.94637360267129
2025-06-05 23:00,18.449787202021277
2025-06-06 00:00,21.459839018344834
2025-06-06 01:00,19.193240004555786
2025-06-06 02:00,23.934535131840775
2025-06-06 03:00,24.581920116729208
2025-06-06 04:00,19.406984972696446
2025-06-06 05:00,17.048592919600942
2025-06-06 06:00,13.067071900041764
2025-06-06 07:00,17.55496739929616
2025-06-06 08:00,18.75339853541234
2025-06-06 09:00,15.936573686483868
2025-06-06 10:00,11.54458671583359
2025-06-06 11:00,10.959316460677153
2025-06-06 12:00,8.066727848137976
2025-06-06 13:00,7.499283919658427
2025-06-06 14:00,7.949976926014436
2025-06-06 15:00,8.10554235227092
2025-06-06 16:00,7.4121249185311076
2025-06-06 17:00,7.451250741495651
2025-06-06 18:00,6.797855004847621
2025-06-06 19:00,6.467814189372057
2025-06-06 20:00,6.213249427278327
2025-06-06 21:00,5.962882664420424
2025-06-06 22:00,6.371838527296133
2025-06-06 23:00,7.218400641550315
2025-06-07 00:00,7.985713776361485
2025-06-07 01:00,10.118965556473142
2025-06-07 02:00,13.196928365270221
2025-06-07 03:00,18.645999346012257
2025-06-07 04:00,11.698694100455986
2025-06-07 05:00,17.370736175429883
2025-06-07 06:00,14.700825327449628
2025-06-07 07:00,12.779352381333297
2025-06-07 08:00,13.737424506488473
2025-06-07 09:00,11.110595144697434
2025-06-07 10:00,15.78071299671622
2025-06-07 11:00,17.440236118539897
2025-06-07 12:00,17.41691964438405
2025-06-07 13:00,13.725981930421225
2025-06-07 14:00,11.830839481954218
2025-06-07 15:00,10.149273174235464
2025-06-07 16:00,8.916592746909165
2025-06-07 17:00,6.937635111523754
2025-06-07 18:00,2.7552192049659023
2025-06-07 19:00,2.6448887824889544
2025-06-07 20:00,2.326821418815639
2025-06-07 21:00,2.401317901762
2025-06-07 22:00,1.295138339544079
2025-06-07 23:00,0.6633429618883495
2025-06-08 00:00,0.5856882004941001
2025-06-08 01:00,0.5442341114691344
2025-06-08 02:00,0.5856575347543863
2025-06-08 03:00,0.20210116242361886
2025-06-08 04:00,0.0
2025-06-08 05:00,0.6063967208823758
2025-06-08 06:00,0.438143323128481
2025-06-08 07:00,0.5049443378507833
2025-06-08 08:00,0.8633075637149852
2025-06-08 09:00,0.6553794565650187
2025-06-08 10:00,0.4537649803305963
2025-06-08 11:00,0.6072683200939031
2025-06-08 12:00,1.0225481749839227
2025-06-08 13:00,1.4349345311104802
2025-06-08 14:00,1.912541273880741
2025-06-08 15:00,3.1596703172425453
2025-06-08 16:00,2.912900593059898
2025-06-08 17:00,3.5053034638954044
2025-06-08 18:00,2.4019565764506563
2025-06-08 19:00,2.0628628262385154
2025-06-08 20:00,1.0657576074329327
2025-06-08 21:00,0.2684532775269311
2025-06-08 22:00,0.3086265706870051
2025-06-08 23:00,0.26245209768444444
2025-06-09 00:00,0.9645017063254528
2025-06-09 01:00,0.21339371605541765
2025-06-09 02:00,0.0372656480320874
2025-06-09 03:00,0.3829171373293027
2025-06-09 04:00,0.7371921316339053
2025-06-09 05:00,1.921552514170082
2025-06-09 06:00,3.4315168277504253
2025-06-09 07:00,3.444436699053037
2025-06-09 08:00,3.178636236127055
2025-06-09 09:00,0.8856626544584366
2025-06-09 10:00,0.2979017885827663
2025-06-09 11:00,0.03181158189635975
2025-06-09 12:00,0.46994981195563845
2025-06-09 13:00,0.7693418147042103
2025-06-09 14:00,2.0579566235031153
2025-06-09 15:00,3.9073483431581773
2025-06-09 16:00,4.329394064333078
2025-06-09 17:00,2.56709354132215
2025-06-09 18:00,1.6910383520542565
2025-06-09 19:00,1.0930660417451572
2025-06-09 20:00,0.15670965399094844
2025-06-09 21:00,2.5212249485068075
2025-06-09 22:00,1.215456601558793
2025-06-09 23:00,0.6788252486826145
2025-06-10 00:00,1.4380178846368699
2025-06-10 01:00,2.780592038998666
2025-06-10 02:00,3.2841817645116125
2025-06-10 03:00,5.641597411873623
2025-06-10 04:00,8.101670913380701
2025-06-10 05:00,8.341073603244414
2025-06-10 06:00,3.9666791857215578
2025-06-10 07:00,4.123057243259942
2025-06-10 08:00,3.3902321557729462
2025-06-10 09:00,0.688974897782254
2025-06-10 10:00,0.0
2025-06-10 11:00,0.5103274575821795
2025-06-10 12:00,2.7334659224481817
2025-06-10 13:00,2.547735991459298
2025-06-10 14:00,2.772576592499711
2025-06-10 15:00,2.6175577664760503
2025-06-10 16:00,2.1402857140890106
2025-06-10 17:00,2.110273268909867
2025-06-10 18:00,1.4160711354187963
2025-06-10 19:00,3.104105286331538
2025-06-10 20:00,3.82020007024632
2025-06-10 21:00,2.6158657440593047
2025-06-10 22:00,1.6877026204941348
2025-06-10 23:00,1.3095114060955202
2025-06-11 00:00,4.102443877450425
2025-06-11 01:00,4.195763803066458
2025-06-11 02:00,4.97552351493291
2025-06-11 03:00,3.5267644309895014
2025-06-11 04:00,3.344109131223198
2025-06-11 05:00,3.5921139297962386
2025-06-11 06:00,3.3551087043954686
2025-06-11 07:00,2.472073514792741
2025-06-11 08:00,3.3645900173107046
2025-06-11 09:00,4.195010360629624
2025-06-11 10:00,4.419649287737196
2025-06-11 11:00,6.254527283568118
2025-06-11 12:00,12.21025366585181
2025-06-11 13:00,13.592047667367162
2025-06-11 14:00,14.876733030575458
2025-06-11 15:00,12.224181772218897
2025-06-11 16:00,14.790815894536644
2025-06-11 17:00,7.892955609277988
2025-06-11 18:00,6.985777213762268
2025-06-11 19:00,5.940142309566439
2025-06-11 20:00,7.6573348154229794
2025-06-11 21:00,1.3596742132238138
2025-06-11 22:00,1.3867572144373512
2025-06-11 23:00,0.7061029007004438
2025-06-12 00:00,2.391129995078633
2025-06-12 01:00,1.5068396494178395
2025-06-12 02:00,1.336042947776484
2025-06-12 03:00,1.4754104245826742
2025-06-12 04:00,0.5378509521854347
2025-06-12 05:00,0.2982876698275576
2025-06-12 06:00,0.07275021447686561
2025-06-12 07:00,0.1352148407516343
2025-06-12 08:00,0.0
2025-06-12 09:00,0.35792046753372886
2025-06-12 10:00,0.19349073031877145
2025-06-12 11:00,0.10670313366549512
2025-06-12 12:00,0.13753514834974093
2025-06-12 13:00,0.1471731980258949
2025-06-12 14:00,1.1408952711064044
2025-06-12 15:00,2.1900757796464045
2025-06-12 16:00,2.026467202810148
2025-06-12 17:00,2.1957596217966153
2025-06-12 18:00,1.67843033138459
2025-06-12 19:00,2.570988988982355
2025-06-12 20:00,2.0952430915692575
2025-06-12 21:00,1.1195128668438148
2025-06-12 22:00,0.8439427853684036
2025-06-12 23:00,0.23211671827427366
2025-06-13 00:00,0.9922666657142643
2025-06-13 01:00,0.21075470932593304
2025-06-13 02:00,0.2630100179878621
2025-06-13 03:00,0.2843063123681545
2025-06-13 04:00,0.38976004324689134
2025-06-13 05:00,0.33744824410198954
2025-06-13 06:00,0.40628837521136074
2025-06-13 07:00,0.5285735605544014
2025-06-13 08:00,1.7035713718934593
2025-06-13 09:00,1.1772979151196046
2025-06-13 10:00,1.3156501342597005
2025-06-13 11:00,1.9368826673112345
2025-06-13 12:00,1.8805694267081552
2025-06-13 13:00,1.9257744092597853
2025-06-13 14:00,2.1078794473402107
2025-06-13 15:00,3.533862734339967
2025-06-13 16:00,2.6471630436223297
2025-06-13 17:00,3.8667600725906075
2025-06-13 18:00,5.439221559642214
2025-06-13 19:00,7.662218402751186
2025-06-13 20:00,10.980315762861983
2025-06-13 21:00,13.89027490981788
2025-06-13 22:00,18.352202761822184
2025-06-13 23:00,26.40591315962224
2025-06-14 00:00,20.17118353061131
2025-06-14 01:00,25.650038044190705
2025-06-14 02:00,32.75679994382313
2025-06-14 03:00,34.19453876741871
2025-06-14 04:00,36.5657782963988
2025-06-14 05:00,31.61671341182016
2025-06-14 06:00,34.61496738788497
2025-06-14 07:00,26.636197676963103
2025-06-14 08:00,21.94852158166015
2025-06-14 09:00,16.21904773307453
2025-06-14 10:00,15.474009473190042
2025-06-14 11:00,17.864668037118967
2025-06-14 12:00,19.224108987906636
2025-06-14 13:00,23.58763901161624
2025-06-14 14:00,17.199136472522365
2025-06-14 15:00,13.049716727386262
2025-06-14 16:00,12.270777521867114
2025-06-14 17:00,13.77990293846362
2025-06-14 18:00,8.987205847992252
2025-06-14 19:00,1.4653600871363106
2025-06-14 20:00,0.5189035467732864
2025-06-14 21:00,2.1192768723942095
2025-06-14 22:00,0.9543569887375976
2025-06-14 23:00,0.15640508117845842
2025-06-15 00:00,0.6463371749849494
2025-06-15 01:00,0.49466603530155456
2025-06-15 02:00,0.6610010233411026
2025-06-15 03:00,1.8376131652857621
2025-06-15 04:00,3.0835349791511044
2025-06-15 05:00,5.069255335729899
2025-06-15 06:00,6.771074792581364
2025-06-15 07:00,5.511721171668962
2025-06-15 08:00,6.740363019201284
2025-06-15 09:00,8.657922450534913
2025-06-15 10:00,6.92405900854556
2025-06-15 11:00,8.529308942273317
2025-06-15 12:00,11.624297201137258
2025-06-15 13:00,20.3460159627192
2025-06-15 14:00,30.11596713973136
2025-06-15 15:00,36.51264646098588
2025-06-15 16:00,39.80420995906994
2025-06-15 17:00,42.3177535571471
2025-06-15 18:00,42.7358869943401
2025-06-15 19:00,43.80598262026742
2025-06-15 20:00,45.95722545061599
2025-06-15 21:00,43.35407094377012
2025-06-15 22:00,41.67631282761172
2025-06-15 23:00,39.48697313664002
2025-06-16 00:00,41.395641582826364
2025-06-16 01:00,44.03246175689395
2025-06-16 02:00,39.961312682593274
2025-06-16 03:00,39.204373900319524
2025-06-16 04:00,39.24557012918557
2025-06-16 05:00,39.1202906586799
2025-06-16 06:00,40.168036727916395
2025-06-16 07:00,36.583176639371985
2025-06-16 08:00,35.972136492766666
2025-06-16 09:00,26.27547676228415
2025-06-16 10:00,33.63011022846772
2025-06-16 11:00,32.7078400328107
2025-06-16 12:00,30.371777875440127
2025-06-16 13:00,36.06715255715448
2025-06-16 14:00,39.295043137321855
2025-06-16 15:00,41.86941059533707
2025-06-16 16:00,41.87719985134936
2025-06-16 17:00,43.53927099410437
2025-06-16 18:00,44.698411029125054
2025-06-16 19:00,45.48214009915246
2025-06-16 20:00,41.58417599133602
2025-06-16 21:00,42.26410893968484
2025-06-16 22:00,41.05880656127629
2025-06-16 23:00,37.61903472835451
2025-06-17 00:00,41.12665201781267
2025-06-17 01:00,41.10692780156928
2025-06-17 02:00,44.38835296193293
2025-06-17 03:00,43.66767809328949
2025-06-17 04:00,43.56532791169774
2025-06-17 05:00,43.90338053809575
2025-06-17 06:00,43.06632602557418
2025-06-17 07:00,45.31521888323972
2025-06-17 08:00,44.90531928976644
2025-06-17 09:00,42.05265900131017
2025-06-17 10:00,45.03015587190168
2025-06-17 11:00,44.78947710021108
2025-06-17 12:00,43.85945904934337
2025-06-17 13:00,37.103928860056996
2025-06-17 14:00,37.577481623767596
2025-06-17 15:00,37.96281914401146
2025-06-17 16:00,38.90704199705411
2025-06-17 17:00,36.32779140846153
2025-06-17 18:00,33.302871599938165
2025-06-17 19:00,33.97257528494982
2025-06-17 20:00,31.35129804057272
2025-06-17 21:00,24.234955373295644
2025-06-17 22:00,17.278926135984282
2025-06-17 23:00,15.561941206747779
2025-06-18 00:00,20.265547067029207
2025-06-18 01:00,23.24224796873747
2025-06-18 02:00,21.3212738544705
2025-06-18 03:00,11.160133340879389
2025-06-18 04:00,8.114888173614016
2025-06-18 05:00,6.939917427021423
2025-06-18 06:00,4.055943743097184
2025-06-18 07:00,3.3386752729596734
2025-06-18 08:00,1.2031457266945267
2025-06-18 09:00,0.5140089802162615
2025-06-18 10:00,0.05296684420180217
2025-06-18 11:00,0.0
2025-06-18 12:00,0.08822932744258406
2025-06-18 13:00,0.0
2025-06-18 14:00,0.0
2025-06-18 15:00,0.8103298826750368
2025-06-18 16:00,0.7778150849254855
2025-06-18 17:00,0.36598885901150985
2025-06-18 18:00,0.4803371138122173
2025-06-18 19:00,0.7697904944417567
2025-06-18 20:00,1.4840946890935072
2025-06-18 21:00,2.70079539466553
2025-06-18 22:00,4.590608540291653
2025-06-18 23:00,4.2925200754191986
2025-06-19 00:00,7.031297831677606
2025-06-19 01:00,6.9220275950830725
2025-06-19 02:00,6.4976038496667705
2025-06-19 03:00,6.546210914525858
2025-06-19 04:00,3.8874737757074214
2025-06-19 05:00,2.2943859934620674
2025-06-19 06:00,2.3472627719855983
2025-06-19 07:00,3.2663073432435126
2025-06-19 08:00,2.526017982572159
2025-06-19 09:00,2.431682315158722
2025-06-19 10:00,1.4513972660855343
2025-06-19 11:00,1.9857468954603457
2025-06-19 12:00,2.9360643000399986
2025-06-19 13:00,2.5896593154218066
2025-06-19 14:00,4.738600783667524
2025-06-19 15:00,8.815762864919225
2025-06-19 16:00,10.217510746607042
2025-06-19 17:00,13.324862093421213
2025-06-19 18:00,16.29231400408381
2025-06-19 19:00,17.97907900273247
2025-06-19 20:00,24.89508986515197
2025-06-19 21:00,26.710936437812002
2025-06-19 22:00,33.00735974452246
2025-06-19 23:00,37.04862656809811
2025-06-20 00:00,41.21742712728588
2025-06-20 01:00,43.05857698792014
2025-06-20 02:00,43.58541387490276
2025-06-20 03:00,41.60382521044671
2025-06-20 04:00,43.15989813680614
2025-06-20 05:00,44.32777279164316
2025-06-20 06:00,46.09583425728439
2025-06-20 07:00,46.94293683033817
2025-06-20 08:00,48.83037899722929
2025-06-20 09:00,48.320223669812194
2025-06-20 10:00,47.56868307365355
2025-06-20 11:00,47.92910418632699
2025-06-20 12:00,49.802607033286854
2025-06-20 13:00,50.240394296598915
2025-06-20 14:00,51.099453034634784
2025-06-20 15:00,52.12375061499255
2025-06-20 16:00,51.26075942626886
2025-06-20 17:00,48.61041950290329
2025-06-20 18:00,48.77811977178474
2025-06-20 19:00,47.22214529994641
2025-06-20 20:00,48.236143327578944
2025-06-20 21:00,47.461367802871806
2025-06-20 22:00,45.9487059992601
2025-06-20 23:00,42.9904324299795
2025-06-21 00:00,44.134342077908045
2025-06-21 01:00,44.923547385633036
2025-06-21 02:00,42.29825220394221
2025-06-21 03:00,39.38643027837297
2025-06-21 04:00,37.06031012535388
2025-06-21 05:00,27.357514353989735
2025-06-21 06:00,26.418738837677406
2025-06-21 07:00,26.864145073971393
2025-06-21 08:00,26.756608245288025
2025-06-21 09:00,24.0148055767641
2025-06-21 10:00,25.92176932893148
2025-06-21 11:00,28.398000503560308
2025-06-21 12:00,33.51677306896848
2025-06-21 13:00,35.67672151742383
2025-06-21 14:00,37.07059936195656
2025-06-21 15:00,36.1500849273031
2025-06-21 16:00,33.02172656700307
2025-06-21 17:00,31.59086293164991
2025-06-21 18:00,22.550341004560327
2025-06-21 19:00,17.509050021372936
2025-06-21 20:00,8.757527658659951
2025-06-21 21:00,5.850899625700809
2025-06-21 22:00,3.8954586025867077
2025-06-21 23:00,3.1005213359368975
2025-06-22 00:00,2.68062295163919
2025-06-22 01:00,0.9787201826078813
2025-06-22 02:00,0.40015789554295444
2025-06-22 03:00,0.7783450439547749
2025-06-22 04:00,0.6813403204355557
2025-06-22 05:00,0.8032984394794335
2025-06-22 06:00,0.1763304196036486
2025-06-22 07:00,0.6505700703220124
2025-06-22 08:00,0.8021057414167599
2025-06-22 09:00,1.005872276431362
2025-06-22 10:00,0.34745423982186313
2025-06-22 11:00,0.5335208323919158
2025-06-22 12:00,0.8459565128221329
2025-06-22 13:00,0.6734119805111534
2025-06-22 14:00,1.678034064925102
2025-06-22 15:00,3.2214917259881486
2025-06-22 16:00,2.5351153286852344
2025-06-22 17:00,1.9438931637544543
2025-06-22 18:00,1.6040756203511224
2025-06-22 19:00,0.7323782122901069
2025-06-22 20:00,0.18937776822435626
2025-06-22 21:00,0.0
2025-06-22 22:00,0.16233787107361358
2025-06-22 23:00,0.5510112626028453
2025-06-23 00:00,0.40077079652086184
2025-06-23 01:00,0.3193501374884651
2025-06-23 02:00,0.24078391636792587
2025-06-23 03:00,0.2871200182162513
2025-06-23 04:00,2.036632449827368
2025-06-23 05:00,2.7661077736914383
2025-06-23 06:00,2.2279543071492607
2025-06-23 07:00,1.5155395399110918
2025-06-23 08:00,1.5717315303013508
2025-06-23 09:00,1.398857319947031
2025-06-23 10:00,0.28825039011796383
2025-06-23 11:00,0.5790845451449679
2025-06-23 12:00,0.617397223351158
2025-06-23 13:00,1.1000488232831152
2025-06-23 14:00,3.673412064114789
2025-06-23 15:00,2.727745939287884
2025-06-23 16:00,1.8188029955449851
2025-06-23 17:00,2.2394788696604846
2025-06-23 18:00,1.2171407499298346
2025-06-23 19:00,1.2500852852600435
2025-06-23 20:00,1.2412121652284127
2025-06-23 21:00,1.574467082603479
2025-06-23 22:00,2.734826839888035
2025-06-23 23:00,2.0412393699841
2025-06-24 00:00,2.5248144246232966
2025-06-24 01:00,2.8835701061154104
2025-06-24 02:00,2.9977422705199084
2025-06-24 03:00,3.1211759784003745
2025-06-24 04:00,1.6798108651180654
2025-06-24 05:00,1.851353434931082
2025-06-24 06:00,1.431811064414958
2025-06-24 07:00,1.7100536184380386
2025-06-24 08:00,1.9826571684712784
2025-06-24 09:00,1.767467742258414
2025-06-24 10:00,1.9220633535350318
2025-06-24 11:00,0.9416877503975549
2025-06-24 12:00,0.7966468598844012
2025-06-24 13:00,0.11618424323557998
2025-06-24 14:00,0.7241423567968694
2025-06-24 15:00,0.4812833776728283
2025-06-24 16:00,0.3857736413812092
2025-06-24 17:00,0.1837756061853214
2025-06-24 18:00,0.3537095828740628
2025-06-24 19:00,0.19892322593426454
2025-06-24 20:00,0.9772237023037136
2025-06-24 21:00,1.2306113275998822
2025-06-24 22:00,1.376764608586079
2025-06-24 23:00,1.341302289034107
2025-06-25 00:00,1.9891103177957126
2025-06-25 01:00,0.9837380296566389
2025-06-25 02:00,0.9549635965779347
2025-06-25 03:00,1.498446694342477
2025-06-25 04:00,1.28117969258957
2025-06-25 05:00,1.7833651625463718
2025-06-25 06:00,2.4186926661387695
2025-06-25 07:00,2.1610785620382464
2025-06-25 08:00,6.0729655222363155
2025-06-25 09:00,4.842391609560238
2025-06-25 10:00,6.872971187428193
2025-06-25 11:00,6.426130718100594
2025-06-25 12:00,5.879679942667874
2025-06-25 13:00,4.963712218574721
2025-06-25 14:00,7.025733356061377
2025-06-25 15:00,16.114490987268223
2025-06-25 16:00,19.239502250043962
2025-06-25 17:00,19.434400148810695
2025-06-25 18:00,17.90150917835239
2025-06-25 19:00,19.038395547956906
2025-06-25 20:00,21.773915309321247
2025-06-25 21:00,14.8892685178133
2025-06-25 22:00,14.974548112580749
2025-06-25 23:00,12.509395137838897
2025-06-26 00:00,11.079288311672807
2025-06-26 01:00,9.0415170451621
2025-06-26 02:00,7.910294509203875
2025-06-26 03:00,6.671135801064997
2025-06-26 04:00,5.160903806103249
2025-06-26 05:00,3.9867774239939897
2025-06-26 06:00,3.7663510222196006
2025-06-26 07:00,2.7330470310191948
2025-06-26 08:00,1.4516191484945804
2025-06-26 09:00,0.46250011257150125
2025-06-26 10:00,0.5007895301155953
2025-06-26 11:00,0.461086489288996
2025-06-26 12:00,0.0
2025-06-26 13:00,0.1651198664721106
2025-06-26 14:00,0.597824304002062
2025-06-26 15:00,0.8993198609453589
2025-06-26 16:00,0.7972723549907805
2025-06-26 17:00,0.8267540284598942
2025-06-26 18:00,0.6315094423135891
2025-06-26 19:00,0.5173128361778072
2025-06-26 20:00,0.9444708061205931
2025-06-26 21:00,1.5554681995736754
2025-06-26 22:00,1.6289035785116799
2025-06-26 23:00,1.6422703156238665
2025-06-27 00:00,2.6926741164982215
2025-06-27 01:00,0.9847753086017413
2025-06-27 02:00,1.547946407848864
2025-06-27 03:00,1.5337518900251754
2025-06-27 04:00,1.6195874547517755
2025-06-27 05:00,1.458364744580946
2025-06-27 06:00,1.5717291602829506
2025-06-27 07:00,1.3893629014950353
2025-06-27 08:00,0.9064577543276994
2025-06-27 09:00,0.7718621913814607
2025-06-27 10:00,0.6563634976041824
2025-06-27 11:00,0.6017024610820642
2025-06-27 12:00,0.47307972779264407
2025-06-27 13:00,0.9295464033587815
2025-06-27 14:00,0.7274828960933286
2025-06-27 15:00,0.4065229537273143
2025-06-27 16:00,0.612321137318986
2025-06-27 17:00,0.7081882664385609
2025-06-27 18:00,0.6879999094788792
2025-06-27 19:00,1.6278119176269936
2025-06-27 20:00,3.501338370234094
2025-06-27 21:00,3.131770102305161
2025-06-27 22:00,4.223973300762365
2025-06-27 23:00,3.0216008762592312
2025-06-28 00:00,7.838716189465645
2025-06-28 01:00,7.340397097548415
2025-06-28 02:00,5.298765879783248
2025-06-28 03:00,5.066291179565521
2025-06-28 04:00,5.219710247737919
2025-06-28 05:00,4.688888489094115
2025-06-28 06:00,4.491093441088555
2025-06-28 07:00,4.911851233347654
2025-06-28 08:00,5.598098599431184
2025-06-28 09:00,5.427233358141408
2025-06-28 10:00,6.594059721848167
2025-06-28 11:00,9.729144388577643
2025-06-28 12:00,9.126888129294066
2025-06-28 13:00,8.627650795918973
2025-06-28 14:00,13.199817059589897
2025-06-28 15:00,12.384614176651057
2025-06-28 16:00,14.33806294817878
2025-06-28 17:00,17.83455965672727
2025-06-28 18:00,15.66881056575392
2025-06-28 19:00,18.083359725527945
2025-06-28 20:00,12.965204337661762
2025-06-28 21:00,6.924579146638897
2025-06-28 22:00,4.99458529631369
2025-06-28 23:00,6.239376388142452
2025-06-29 00:00,8.65866773191657
2025-06-29 01:00,7.0162668269932436
2025-06-29 02:00,6.9993333044162735
2025-06-29 03:00,5.891273780285655
2025-06-29 04:00,3.187266946861166
2025-06-29 05:00,2.9786388077853876
2025-06-29 06:00,3.7507862102341987
2025-06-29 07:00,3.5909353695210586
2025-06-29 08:00,4.595050523465198
2025-06-29 09:00,5.853713914263707
2025-06-29 10:00,6.410977663654901
2025-06-29 11:00,7.262915963159847
2025-06-29 12:00,7.191969523064119
2025-06-29 13:00,11.371364220955646
2025-06-29 14:00,15.522482905998892
2025-06-29 15:00,15.254879471897645
2025-06-29 16:00,17.30149214518991
2025-06-29 17:00,19.70443042647197
2025-06-29 18:00,16.8933228377315
2025-06-29 19:00,16.67154615582571
2025-06-29 20:00,9.343482555798557
2025-06-29 21:00,5.706173969109277
2025-06-29 22:00,4.33501508709557
2025-06-29 23:00,2.141767262282836
2025-06-30 00:00,4.5838841126206535
2025-06-30 01:00,3.9180378406323224
2025-06-30 02:00,3.293730001350043
2025-06-30 03:00,2.77710195535753
2025-06-30 04:00,2.5089861275239556
2025-06-30 05:00,2.151543560796571
2025-06-30 06:00,2.140076049083559
2025-06-30 07:00,1.480385270880937
2025-06-30 08:00,1.1083578299974643
2025-06-30 09:00,1.6079704423034165
2025-06-30 10:00,2.176859411357824
2025-06-30 11:00,2.055795139367484
2025-06-30 12:00,3.514337711577757
2025-06-30 13:00,4.675502796203226
2025-06-30 14:00,6.820468198436522
2025-06-30 15:00,6.944757430576128
2025-06-30 16:00,6.605218602895535
2025-06-30 17:00,7.410613116933336
2025-06-30 18:00,4.8596341981369715
2025-06-30 19:00,3.1454457302982597
2025-06-30 20:00,3.109469303308579
2025-06-30 21:00,1.7538720947157784
2025-06-30 22:00,2.087771016477087
2025-06-30 23:00,1.878913750092356
2025-07-01 00:00,2.2672938910600973
2025-07-01 01:00,1.9767006144103756
2025-07-01 02:00,2.917809822745176
2025-07-01 03:00,3.2219737234566006
2025-07-01 04:00,2.349561845274872
2025-07-01 05:00,3.0718514738882834
2025-07-01 06:00,4.459977862766646
2025-07-01 07:00,3.741582799757088
2025-07-01 08:00,3.9761944491458845
2025-07-01 09:00,5.305196336829375
2025-07-01 10:00,5.29848372242823
2025-07-01 11:00,7.24248125845577
2025-07-01 12:00,7.000891880140817
2025-07-01 13:00,6.656383681963949
2025-07-01 14:00,7.003004035992009
2025-07-01 15:00,4.127617012530731
2025-07-01 16:00,6.396162386867971
2025-07-01 17:00,5.770164527158711
2025-07-01 18:00,4.555336606408099
2025-07-01 19:00,6.321459641763909
2025-07-01 20:00,4.451694404283663
2025-07-01 21:00,4.766392807655996
2025-07-01 22:00,4.3955752927338025
2025-07-01 23:00,3.363217833788498
2025-07-02 00:00,4.669641379675403
2025-07-02 01:00,4.493969305060104
2025-07-02 02:00,6.36208934523497
2025-07-02 03:00,5.997361844798896
2025-07-02 04:00,5.733593816808477
2025-07-02 05:00,6.947294733575469
2025-07-02 06:00,6.709855013898706
2025-07-02 07:00,7.787122027366841
2025-07-02 08:00,7.257098645124852
2025-07-02 09:00,9.995325150100951
2025-07-02 10:00,8.620663263300674
2025-07-02 11:00,11.285997475826498
2025-07-02 12:00,8.554193877565243
2025-07-02 13:00,9.613036946372121
2025-07-02 14:00,7.293009310011518
2025-07-02 15:00,11.642414212438434
2025-07-02 16:00,10.020998037068997
2025-07-02 17:00,7.184341417510697
2025-07-02 18:00,4.470163909731754
2025-07-02 19:00,7.823229568105491
2025-07-02 20:00,8.612356233162107
2025-07-02 21:00,5.513228548841176
2025-07-02 22:00,5.494985649547814
2025-07-02 23:00,5.314820894070443
2025-07-03 00:00,7.106471540774844
2025-07-03 01:00,6.683325264481323
2025-07-03 02:00,7.192774010826568
2025-07-03 03:00,6.440167040672718
2025-07-03 04:00,9.337074682123895
2025-07-03 05:00,8.88745088252261
2025-07-03 06:00,9.066436679213107
2025-07-03 07:00,8.51860473351651
2025-07-03 08:00,7.97610271186631
2025-07-03 09:00,8.498244046982146
2025-07-03 10:00,8.473709068051118
2025-07-03 11:00,6.562924712931814
2025-07-03 12:00,8.06455022586339
2025-07-03 13:00,9.926668263916262
2025-07-03 14:00,10.920819579167842
2025-07-03 15:00,11.780897204362937
2025-07-03 16:00,11.432294371086929
2025-07-03 17:00,14.159238417428186
2025-07-03 18:00,11.007108241389357
2025-07-03 19:00,13.500025059905035
2025-07-03 20:00,17.56921027144637
2025-07-03 21:00,14.282937456773931
2025-07-03 22:00,15.1228961493248
2025-07-03 23:00,12.72139953771745
2025-07-04 00:00,15.817398793302361
2025-07-04 01:00,17.970978840825858
2025-07-04 02:00,23.348422279104394
2025-07-04 03:00,23.8491696481414
2025-07-04 04:00,22.77016859486795
2025-07-04 05:00,27.035739836845682
2025-07-04 06:00,31.302665895905292
2025-07-04 07:00,29.194864712071897
2025-07-04 08:00,30.321245419212104
2025-07-04 09:00,26.163754798151807
2025-07-04 10:00,25.760386049172418
2025-07-04 11:00,27.522979157808958
2025-07-04 12:00,27.11213624301225
2025-07-04 13:00,27.86995118639377
2025-07-04 14:00,25.359888098819432
2025-07-04 15:00,26.188210149788976
2025-07-04 16:00,27.649700618958043
2025-07-04 17:00,31.48906178161829
2025-07-04 18:00,29.632060328018575
2025-07-04 19:00,27.748752866164835
2025-07-04 20:00,30.717269460364836
2025-07-04 21:00,27.33421273521353
2025-07-04 22:00,23.366253955926922
2025-07-04 23:00,22.463470068461962
2025-07-05 00:00,20.707588489954137
2025-07-05 01:00,14.224534709197359
2025-07-05 02:00,13.222711896361641
2025-07-05 03:00,11.74289506068122
2025-07-05 04:00,12.851211504918302
2025-07-05 05:00,16.107505611640324
2025-07-05 06:00,23.333731863417146
2025-07-05 07:00,21.69730538855053
2025-07-05 08:00,23.697839893808684
2025-07-05 09:00,18.20177694113581
2025-07-05 10:00,19.452727035422875
2025-07-05 11:00,24.50720171592796
2025-07-05 12:00,23.88522274120751
2025-07-05 13:00,25.280640140184925
2025-07-05 14:00,24.56816529504378
2025-07-05 15:00,23.9579816118107
2025-07-05 16:00,25.251450797145967
2025-07-05 17:00,24.14782446318894
2025-07-05 18:00,20.45917838535192
2025-07-05 19:00,22.338491636416027
2025-07-05 20:00,21.386375675887844
2025-07-05 21:00,19.87635911535842
2025-07-05 22:00,12.635861073099287
2025-07-05 23:00,11.486463541645138
2025-07-06 00:00,13.521539366698896
2025-07-06 01:00,11.57624990401426
2025-07-06 02:00,11.326848622850283
2025-07-06 03:00,8.93506360545493
2025-07-06 04:00,8.981981915675977
2025-07-06 05:00,9.297513380931004
2025-07-06 06:00,8.577134500058376
2025-07-06 07:00,8.73014196499726
2025-07-06 08:00,8.508461296970799
2025-07-06 09:00,6.669211870998603
2025-07-06 10:00,6.568077473838944
2025-07-06 11:00,7.515502381409803
2025-07-06 12:00,7.019644688252827
2025-07-06 13:00,6.808161816320489
2025-07-06 14:00,6.284072234731992
2025-07-06 15:00,6.0735900376274605
2025-07-06 16:00,7.925135772571219
2025-07-06 17:00,11.52152517114212
2025-07-06 18:00,12.248521570836566
2025-07-06 19:00,15.260402685717464
2025-07-06 20:00,16.39792301967408
2025-07-06 21:00,11.035531708353098
2025-07-06 22:00,8.67963636040817
2025-07-06 23:00,6.567210482932481
2025-07-07 00:00,10.049948667375507
2025-07-07 01:00,5.836650002163571
2025-07-07 02:00,4.803729321495024
2025-07-07 03:00,2.9823310380299586
2025-07-07 04:00,3.484816204213948
2025-07-07 05:00,2.143341454774631
2025-07-07 06:00,1.2502518123031507
2025-07-07 07:00,1.0520699420029256
2025-07-07 08:00,0.6774243663433716
2025-07-07 09:00,0.6874778948155938
2025-07-07 10:00,0.789672318615567
2025-07-07 11:00,0.912031804971455
2025-07-07 12:00,0.40433939871208097
2025-07-07 13:00,1.1714837452037916
2025-07-07 14:00,2.2981976600136105
2025-07-07 15:00,3.0801218544790645
2025-07-07 16:00,2.582158263606714
2025-07-07 17:00,3.805118842090555
2025-07-07 18:00,2.8154451006776946
2025-07-07 19:00,1.2802583949820898
2025-07-07 20:00,2.3872407658515393
2025-07-07 21:00,1.939165405215079
2025-07-07 22:00,1.658195165067641
2025-07-07 23:00,2.033752841156947
2025-07-08 00:00,3.9717218207914757
2025-07-08 01:00,3.2136396038101886
2025-07-08 02:00,1.5350418814773006
2025-07-08 03:00,1.9232941465668196
2025-07-08 04:00,2.08975956482611
2025-07-08 05:00,2.6082906887047885
2025-07-08 06:00,2.1048765633778603
2025-07-08 07:00,1.8574559328473494
2025-07-08 08:00,0.9399355478713857
2025-07-08 09:00,0.7330231170569578
2025-07-08 10:00,0.5243856944033234
2025-07-08 11:00,0.9497294543905415
2025-07-08 12:00,1.4985471106529997
2025-07-08 13:00,2.41255492858903
2025-07-08 14:00,3.150409363836088
2025-07-08 15:00,5.571884073231764
2025-07-08 16:00,4.4835216667002395
2025-07-08 17:00,4.645557974287026
2025-07-08 18:00,3.5300216510879436
2025-07-08 19:00,2.1265587369437227
2025-07-08 20:00,2.0050136630953315
2025-07-08 21:00,1.2681180866733577
2025-07-08 22:00,0.11241391590234967
2025-07-08 23:00,0.5671862118432281
2025-07-09 00:00,0.471408200595685
2025-07-09 01:00,1.1626392740985643
2025-07-09 02:00,1.3741060980575357
2025-07-09 03:00,1.1820964018385454
2025-07-09 04:00,2.3234335003085405
2025-07-09 05:00,1.0643776738908501
2025-07-09 06:00,0.8934933111797738
2025-07-09 07:00,0.7651407394598205
2025-07-09 08:00,0.9831761358284563
2025-07-09 09:00,1.8034387313782707
2025-07-09 10:00,0.993227440283917
2025-07-09 11:00,0.683472766988947
2025-07-09 12:00,0.7479058205255136
2025-07-09 13:00,1.2677273467066597
2025-07-09 14:00,4.843885376654634
2025-07-09 15:00,4.69967663049459
2025-07-09 16:00,4.627150213048169
2025-07-09 17:00,2.5479658560505234
2025-07-09 18:00,0.8139910966694609
2025-07-09 19:00,1.2458612196530436
2025-07-09 20:00,0.8667369201552664
2025-07-09 21:00,1.4998075738092846
2025-07-09 22:00,1.7346557405879588
2025-07-09 23:00,1.649090859694494
2025-07-10 00:00,1.639739670388415
2025-07-10 01:00,1.1148411987000773
2025-07-10 02:00,0.6195465277014
2025-07-10 03:00,0.3392058512949995
2025-07-10 04:00,1.461760712852028
2025-07-10 05:00,1.4881190424285844
2025-07-10 06:00,1.887429919698671
2025-07-10 07:00,3.4646670152313956
2025-07-10 08:00,2.5349982263774247
2025-07-10 09:00,1.7662505600847889
2025-07-10 10:00,3.8551103848613795
2025-07-10 11:00,4.089462740988458
2025-07-10 12:00,6.051890173629474
2025-07-10 13:00,9.596419229845027
2025-07-10 14:00,16.489705165488424
2025-07-10 15:00,16.96003836963932
2025-07-10 16:00,21.134965261631045
2025-07-10 17:00,24.65034005006095
2025-07-10 18:00,24.11885268883608
2025-07-10 19:00,24.902457746280195
2025-07-10 20:00,19.860291980356212
2025-07-10 21:00,7.631721245793551
2025-07-10 22:00,6.856100307540521
2025-07-10 23:00,8.64224877979628
2025-07-11 00:00,5.451517239314521
2025-07-11 01:00,5.8033133438550495
2025-07-11 02:00,4.874222164334358
2025-07-11 03:00,4.089295188034693
2025-07-11 04:00,5.1716708314792434
2025-07-11 05:00,6.875969579922355
2025-07-11 06:00,8.273417272801469
2025-07-11 07:00,10.419530329541914
2025-07-11 08:00,8.693456591147521
2025-07-11 09:00,7.610572189969765
2025-07-11 10:00,6.872878426151372
2025-07-11 11:00,5.760461661466266
2025-07-11 12:00,5.5054690987861195
2025-07-11 13:00,5.599899968174805
2025-07-11 14:00,5.025763003060217
2025-07-11 15:00,6.865904936096143
2025-07-11 16:00,10.757087160351915
2025-07-11 17:00,9.562437556775564
2025-07-11 18:00,9.589317106151613
2025-07-11 19:00,8.950803384345159
2025-07-11 20:00,8.78021132029922
2025-07-11 21:00,9.094156113115815
2025-07-11 22:00,7.745350114250939
2025-07-11 23:00,4.910596739467086
2025-07-12 00:00,3.3070255590503685
2025-07-12 01:00,3.5021531417139027
2025-07-12 02:00,3.0792111572936394
2025-07-12 03:00,2.8623378763698213
2025-07-12 04:00,3.912108935206702
2025-07-12 05:00,3.382131259692142
2025-07-12 06:00,3.753889412702558
2025-07-12 07:00,3.272667627977944
2025-07-12 08:00,1.2491788479264203
2025-07-12 09:00,1.3908063724409352
2025-07-12 10:00,0.41032779899280086
2025-07-12 11:00,0.9742967355006565
2025-07-12 12:00,0.36751752851397645
2025-07-12 13:00,0.9020625345696782
2025-07-12 14:00,0.676334702918901
2025-07-12 15:00,1.1271670463922743
2025-07-12 16:00,1.3698391940022012
2025-07-12 17:00,1.2285607567965051
2025-07-12 18:00,0.9587546138440997
2025-07-12 19:00,0.48715046194966394
2025-07-12 20:00,0.2589391897551711
2025-07-12 21:00,0.48552831738448093
2025-07-12 22:00,0.6328954143365556
2025-07-12 23:00,0.26276734155317855
2025-07-13 00:00,1.049587786687185
2025-07-13 01:00,0.5774805599470578
2025-07-13 02:00,0.65158901470377
2025-07-13 03:00,0.9171587881234623
2025-07-13 04:00,1.5604460545644654
2025-07-13 05:00,1.2830887471887589
2025-07-13 06:00,0.5377746327544684
2025-07-13 07:00,0.4211114407640457
2025-07-13 08:00,0.1855447352110149
2025-07-13 09:00,0.003387871657216413
2025-07-13 10:00,0.053612639386443665
2025-07-13 11:00,0.0
2025-07-13 12:00,0.0
2025-07-13 13:00,0.0
2025-07-13 14:00,0.007167043829555776
2025-07-13 15:00,0.03246149705251921
2025-07-13 16:00,0.009582651741752239
2025-07-13 17:00,0.0
2025-07-13 18:00,0.0
2025-07-13 19:00,0.0
2025-07-13 20:00,0.16222753295849288
2025-07-13 21:00,0.0
2025-07-13 22:00,0.23155534669073516
2025-07-13 23:00,0.0
2025-07-14 00:00,1.036761847458537
2025-07-14 01:00,0.272032608727715
2025-07-14 02:00,0.5897282185833839
2025-07-14 03:00,1.1463620615263868
2025-07-14 04:00,0.9116690668509678
2025-07-14 05:00,0.9772099018220226
2025-07-14 06:00,0.75631452871563
2025-07-14 07:00,0.9897707459986652
2025-07-14 08:00,2.2950036355191203
2025-07-14 09:00,2.2316773213579535
2025-07-14 10:00,3.2066890661956156
2025-07-14 11:00,4.454706579381104
2025-07-14 12:00,7.099805811158315
2025-07-14 13:00,14.068998205118486
2025-07-14 14:00,17.51054382622726
2025-07-14 15:00,16.87967008205379
2025-07-14 16:00,17.367510657969483
2025-07-14 17:00,22.063563452122875
2025-07-14 18:00,23.750853497689846
2025-07-14 19:00,21.97803381266226
2025-07-14 20:00,25.595936543233584
2025-07-14 21:00,11.691537555120835
2025-07-14 22:00,7.627673891149282
2025-07-14 23:00,6.210227504470219
2025-07-15 00:00,8.173964845674622
2025-07-15 01:00,6.734090237672975
2025-07-15 02:00,7.868151211216353
2025-07-15 03:00,2.2195471461653136
2025-07-15 04:00,1.5825474020652832
2025-07-15 05:00,2.5778229208892047
2025-07-15 06:00,3.7728222504191584
2025-07-15 07:00,6.691329370009207
2025-07-15 08:00,5.114165479280511
2025-07-15 09:00,5.669393176418152
2025-07-15 10:00,8.830186531492583
2025-07-15 11:00,8.680952052434709
2025-07-15 12:00,12.356313020215861
2025-07-15 13:00,10.325777856240052
2025-07-15 14:00,12.013453274102687
2025-07-15 15:00,15.892969950033773
2025-07-15 16:00,21.370619250309787
2025-07-15 17:00,15.64937976500476
2025-07-15 18:00,12.547251073538506
2025-07-15 19:00,12.568263128731761
2025-07-15 20:00,12.547914335147532
2025-07-15 21:00,12.116464209827082
2025-07-15 22:00,12.522207427965327
2025-07-15 23:00,13.195795431201743
2025-07-16 00:00,15.30383777065348
2025-07-16 01:00,13.859129331590045
2025-07-16 02:00,17.36779222135268
2025-07-16 03:00,16.093479239920548
2025-07-16 04:00,17.473565313673006
2025-07-16 05:00,17.533368259317307
2025-07-16 06:00,22.29308168087732
2025-07-16 07:00,18.950333572578614
2025-07-16 08:00,18.062601053246585
2025-07-16 09:00,16.074831128313658
2025-07-16 10:00,17.929555668869476
2025-07-16 11:00,20.531682347194998
2025-07-16 12:00,29.004514819453135
2025-07-16 13:00,35.264912198259736
2025-07-16 14:00,36.34853467633202
2025-07-16 15:00,41.722912628109256
2025-07-16 16:00,41.559609127368084
2025-07-16 17:00,43.17500459844418
2025-07-16 18:00,40.41718415225633
2025-07-16 19:00,41.4131228570123
2025-07-16 20:00,40.77090671508429
2025-07-16 21:00,42.684253699752226
2025-07-16 22:00,45.71341208376177
2025-07-16 23:00,48.595752827834666
2025-07-17 00:00,44.02214450193069
2025-07-17 01:00,41.24092777035172
2025-07-17 02:00,42.09990944167988
2025-07-17 03:00,42.63741708325082
2025-07-17 04:00,40.00068534266195
2025-07-17 05:00,41.33247564358502
2025-07-17 06:00,41.72962441215668
2025-07-17 07:00,42.711752830432594
2025-07-17 08:00,40.69299185125545
2025-07-17 09:00,41.162626472746034
2025-07-17 10:00,35.231688677620454
2025-07-17 11:00,27.3537178551602
2025-07-17 12:00,27.777904376118762
2025-07-17 13:00,26.515654556452873
2025-07-17 14:00,28.46570803462481
2025-07-17 15:00,32.479496456053596
2025-07-17 16:00,31.07605454813132
2025-07-17 17:00,32.82123471403946
2025-07-17 18:00,32.77066555843696
2025-07-17 19:00,38.04521639024568
2025-07-17 20:00,39.38045569223437
2025-07-17 21:00,42.31441094121365
2025-07-17 22:00,42.84494381107723
2025-07-17 23:00,44.84159445315724
2025-07-18 00:00,45.875106532919425
2025-07-18 01:00,39.88098809784056
2025-07-18 02:00,39.41688197419118
2025-07-18 03:00,35.94595879302316
2025-07-18 04:00,37.07220644386614
2025-07-18 05:00,38.407784526492584
2025-07-18 06:00,36.303445724638486
2025-07-18 07:00,29.37626742619344
2025-07-18 08:00,24.575360109602226
2025-07-18 09:00,22.685912185777326
2025-07-18 10:00,21.200422756400474
2025-07-18 11:00,8.368665904012287
2025-07-18 12:00,8.691663489572582
2025-07-18 13:00,8.176439209536165
2025-07-18 14:00,7.95612628231618
2025-07-18 15:00,7.5991368031033755
2025-07-18 16:00,8.817323834377714
2025-07-18 17:00,7.673192738336929
2025-07-18 18:00,8.06969906682388
2025-07-18 19:00,8.142841427654902
2025-07-18 20:00,10.398770253918974
2025-07-18 21:00,10.266225426406699
2025-07-18 22:00,12.951283616967876
2025-07-18 23:00,19.613314612593122
2025-07-19 00:00,20.15056362251174
2025-07-19 01:00,20.014629186952597
2025-07-19 02:00,26.443419136761747
2025-07-19 03:00,30.920612659464325
2025-07-19 04:00,32.640773062362
2025-07-19 05:00,35.64846423021048
2025-07-19 06:00,33.333800021666036
2025-07-19 07:00,33.20515349033513
2025-07-19 08:00,30.676438233892423
2025-07-19 09:00,28.229210212539357
2025-07-19 10:00,33.53760101054331
2025-07-19 11:00,32.299434882572804
2025-07-19 12:00,29.48942726029126
2025-07-19 13:00,33.664800687097625
2025-07-19 14:00,34.83987099428699
2025-07-19 15:00,32.520955194922465
2025-07-19 16:00,38.161501439641526
2025-07-19 17:00,37.90397555290215
2025-07-19 18:00,36.761892787715716
2025-07-19 19:00,36.98204381303151
2025-07-19 20:00,37.67405930653772
2025-07-19 21:00,31.546808606525797
2025-07-19 22:00,28.089455460816108
2025-07-19 23:00,26.406099856468575
2025-07-20 00:00,23.603814189844414
2025-07-20 01:00,20.525739038708213
2025-07-20 02:00,20.772858117689957
2025-07-20 03:00,21.948293784013355
2025-07-20 04:00,20.974348613996685
2025-07-20 05:00,22.35791841679706
2025-07-20 06:00,24.906216122637083
2025-07-20 07:00,23.945374787625685
2025-07-20 08:00,24.335784875868857
2025-07-20 09:00,28.53659122044675
2025-07-20 10:00,26.524062820856614
2025-07-20 11:00,25.946837620407752
2025-07-20 12:00,24.084717067464965
2025-07-20 13:00,19.504465268451117
2025-07-20 14:00,11.151302218338328
2025-07-20 15:00,8.789627810922594
2025-07-20 16:00,10.687751843889739
2025-07-20 17:00,12.82369980786887
2025-07-20 18:00,14.569432352888779
2025-07-20 19:00,15.439811839940955
2025-07-20 20:00,16.443303862248193
2025-07-20 21:00,13.06117426198445
2025-07-20 22:00,13.166256846665851
2025-07-20 23:00,13.727507038653243
2025-07-21 00:00,14.13044485589511
2025-07-21 01:00,16.131560949472313
2025-07-21 02:00,16.81934281601105
2025-07-21 03:00,17.541779548978923
2025-07-21 04:00,16.477512560043458
2025-07-21 05:00,14.947546413188652
2025-07-21 06:00,13.610237718370024
2025-07-21 07:00,13.059384219680153
2025-07-21 08:00,15.365020065625387
2025-07-21 09:00,14.79752840473013
2025-07-21 10:00,7.1601806463238225
2025-07-21 11:00,4.2796685446488665
2025-07-21 12:00,3.0520465320914663
2025-07-21 13:00,2.321444626395274
2025-07-21 14:00,4.244755811386591
2025-07-21 15:00,3.8235757540317477
2025-07-21 16:00,3.1581732297739693
2025-07-21 17:00,3.218358000639667
2025-07-21 18:00,2.572648750251419
2025-07-21 19:00,1.631230264675181
2025-07-21 20:00,1.952429153141061
2025-07-21 21:00,2.675275795319409
2025-07-21 22:00,1.5227428216534316
2025-07-21 23:00,0.4714147150124729
2025-07-22 00:00,1.1674710854248433
2025-07-22 01:00,0.5157480896397083
2025-07-22 02:00,0.5534743687308519
2025-07-22 03:00,0.5686048148832963
2025-07-22 04:00,1.4744242701391477
2025-07-22 05:00,1.2853272584064885
2025-07-22 06:00,1.2152983622460516
2025-07-22 07:00,1.4703299864085368
2025-07-22 08:00,1.4833124106261717
2025-07-22 09:00,1.8406856626867156
2025-07-22 10:00,1.6589445822600468
2025-07-22 11:00,1.1515278207044999
2025-07-22 12:00,1.6987424182515245
2025-07-22 13:00,1.8417040330543613
2025-07-22 14:00,2.1337703937239856
2025-07-22 15:00,2.4788711741848486
2025-07-22 16:00,2.3223224597310765
2025-07-22 17:00,1.9275527633408716
2025-07-22 18:00,1.02074162029765
2025-07-22 19:00,0.5152943261424291
2025-07-22 20:00,0.0
2025-07-22 21:00,0.0
2025-07-22 22:00,0.26798659512416406
2025-07-22 23:00,0.3242387228153253
2025-07-23 00:00,0.05395981098715657
2025-07-23 01:00,0.2815330072420771
2025-07-23 02:00,0.31225228985752856
2025-07-23 03:00,0.16464484654872347
2025-07-23 04:00,0.13735030050942362
2025-07-23 05:00,0.0493909134227629
2025-07-23 06:00,0.0
2025-07-23 07:00,0.07440368412658202
2025-07-23 08:00,0.007628973474542309
2025-07-23 09:00,0.052547548138820566
2025-07-23 10:00,0.3116709851463259
2025-07-23 11:00,0.21062840606581293
2025-07-23 12:00,0.6598102021903192
2025-07-23 13:00,0.7398786972593472
2025-07-23 14:00,1.9548793143024445
2025-07-23 15:00,3.531768932363953
2025-07-23 16:00,3.3595588168801696
2025-07-23 17:00,4.277188596186707
2025-07-23 18:00,2.629330300056462
2025-07-23 19:00,3.00762587846544
2025-07-23 20:00,1.8080244899383653
2025-07-23 21:00,0.8991745913718379
2025-07-23 22:00,0.22435475634804405
2025-07-23 23:00,0.18187225129320164
2025-07-24 00:00,0.0
2025-07-24 01:00,0.3318084621062634
2025-07-24 02:00,0.16518520231311218
2025-07-24 03:00,0.013573212419198613
2025-07-24 04:00,0.05053429005482863
2025-07-24 05:00,0.7962820467344425
2025-07-24 06:00,0.3735541936003178
2025-07-24 07:00,0.5609363758054962
2025-07-24 08:00,0.044451053765061206
2025-07-24 09:00,0.041252304597336587
2025-07-24 10:00,0.05613823213676414
2025-07-24 11:00,0.0
2025-07-24 12:00,0.6888225952122298
2025-07-24 13:00,1.1274606356172843
2025-07-24 14:00,3.6187197434975675
2025-07-24 15:00,5.982384748479116
2025-07-24 16:00,7.926770949996986
2025-07-24 17:00,11.939523295782559
2025-07-24 18:00,7.890474226876985
2025-07-24 19:00,5.422288852670945
2025-07-24 20:00,5.90341091452046
2025-07-24 21:00,4.48163791699821
2025-07-24 22:00,3.330373802839447
2025-07-24 23:00,1.5818738668466408
2025-07-25 00:00,2.3015770046340056
2025-07-25 01:00,0.07716458477233373
2025-07-25 02:00,0.048069820930336
2025-07-25 03:00,0.31418198583660767
2025-07-25 04:00,0.03500828226803052
2025-07-25 05:00,0.0
2025-07-25 06:00,0.058240168123512695
2025-07-25 07:00,0.48515313000336757
2025-07-25 08:00,0.1632301795025525
2025-07-25 09:00,0.2660943204926237
2025-07-25 10:00,0.5295141325332909
2025-07-25 11:00,0.9155987930014354
2025-07-25 12:00,0.23982252214247254
2025-07-25 13:00,1.1792536562240181
2025-07-25 14:00,2.2377859637382644
2025-07-25 15:00,3.8086902859681766
2025-07-25 16:00,4.949682123052271
2025-07-25 17:00,5.34961178839185
2025-07-25 18:00,2.6329723461956944
2025-07-25 19:00,2.715309795297614
2025-07-25 20:00,0.9428911882961465
2025-07-25 21:00,1.5219892660315502
2025-07-25 22:00,0.5239162641704899
2025-07-25 23:00,0.07664858591923956
2025-07-26 00:00,0.41929565021152565
2025-07-26 01:00,2.538690610532611
2025-07-26 02:00,3.358521603213255
2025-07-26 03:00,3.759449386503536
2025-07-26 04:00,4.5727653597871285
2025-07-26 05:00,3.073907771669556
2025-07-26 06:00,2.974797701932119
2025-07-26 07:00,2.957605821257597
2025-07-26 08:00,3.9068185843787377
2025-07-26 09:00,3.508404690232407
2025-07-26 10:00,4.402262523044271
2025-07-26 11:00,5.527267135081534
2025-07-26 12:00,8.360386973516723
2025-07-26 13:00,5.479647625103549
2025-07-26 14:00,4.078721014722055
2025-07-26 15:00,2.926920091494712
2025-07-26 16:00,5.6197947548399325
2025-07-26 17:00,5.971032283402709
2025-07-26 18:00,3.753486400235375
2025-07-26 19:00,4.799525427017674
2025-07-26 20:00,9.902786343985285
2025-07-26 21:00,8.477587662393859
2025-07-26 22:00,6.905795808100906
2025-07-26 23:00,8.159818523894154
2025-07-27 00:00,9.157895190792306
2025-07-27 01:00,8.265656480057979
2025-07-27 02:00,8.759870203805983
2025-07-27 03:00,5.109823361186975
2025-07-27 04:00,8.224747061109085
2025-07-27 05:00,9.578461976898986
2025-07-27 06:00,4.033907844006541
2025-07-27 07:00,2.6387371211315496
2025-07-27 08:00,3.3054434051517005
2025-07-27 09:00,2.512642755855794
2025-07-27 10:00,2.0419295247824483
2025-07-27 11:00,1.4591692606957476
2025-07-27 12:00,0.8710642115096049
2025-07-27 13:00,2.445922143597899
2025-07-27 14:00,3.3852889211703583
2025-07-27 15:00,5.3403595704920805
2025-07-27 16:00,4.606007779709076
2025-07-27 17:00,3.8041042438642303
2025-07-27 18:00,3.096369271388879
2025-07-27 19:00,2.2055847558537973
2025-07-27 20:00,0.6996750335713456
2025-07-27 21:00,0.6563278262466801
2025-07-27 22:00,0.7099653811080341
2025-07-27 23:00,0.073302169659238
2025-07-28 00:00,0.17874992225929623
2025-07-28 01:00,0.0008103607152995696
2025-07-28 02:00,0.024990798788630995
2025-07-28 03:00,0.18849303048344504
2025-07-28 04:00,0.0
2025-07-28 05:00,0.0
2025-07-28 06:00,0.0
2025-07-28 07:00,0.0
2025-07-28 08:00,0.040561402802257
2025-07-28 09:00,0.12635860766408105
2025-07-28 10:00,0.22802520872515214
2025-07-28 11:00,0.013988546726749686
2025-07-28 12:00,1.0396734011296531
2025-07-28 13:00,1.5133930912736644
2025-07-28 14:00,2.2487395776488617
2025-07-28 15:00,3.2008698515172775
2025-07-28 16:00,3.600294955080277
2025-07-28 17:00,4.169503196928185
2025-07-28 18:00,3.332654970643642
2025-07-28 19:00,3.661707963198053
2025-07-28 20:00,2.6915422207150854
2025-07-28 21:00,2.796217459014783
2025-07-28 22:00,0.19031072824738257
2025-07-28 23:00,0.08402524764627912
2025-07-29 00:00,0.4489268117009047
2025-07-29 01:00,0.6379684952349653
2025-07-29 02:00,0.5352420407602659
2025-07-29 03:00,0.0
2025-07-29 04:00,0.0
2025-07-29 05:00,0.0
2025-07-29 06:00,0.21885559298508298
2025-07-29 07:00,0.07558358668452762
2025-07-29 08:00,0.0
2025-07-29 09:00,0.19307799094371184
2025-07-29 10:00,0.20504641130830964
2025-07-29 11:00,0.34930721637393675
2025-07-29 12:00,0.0
2025-07-29 13:00,0.15410235292982566
2025-07-29 14:00,0.0
2025-07-29 15:00,0.4842070757255283
2025-07-29 16:00,0.2865249098120362
2025-07-29 17:00,0.2547683878911764
2025-07-29 18:00,1.0995284525725375
2025-07-29 19:00,0.0
2025-07-29 20:00,0.5588702348622774
2025-07-29 21:00,0.0
2025-07-29 22:00,0.0
2025-07-29 23:00,0.0
2025-07-30 00:00,0.5038375773683424
2025-07-30 01:00,0.0
2025-07-30 02:00,0.0
2025-07-30 03:00,0.0
2025-07-30 04:00,0.0
2025-07-30 05:00,0.0
2025-07-30 06:00,0.0
2025-07-30 07:00,0.0
2025-07-30 08:00,0.0
2025-07-30 09:00,0.2875523475557404
2025-07-30 10:00,0.30333270746246155
2025-07-30 11:00,0.0
2025-07-30 12:00,0.0
2025-07-30 13:00,0.8293024248259797
2025-07-30 14:00,3.351124579814834
2025-07-30 15:00,5.374431880673483
2025-07-30 16:00,6.468736306792055
2025-07-30 17:00,8.915068793947736
2025-07-30 18:00,7.155276411695841
2025-07-30 19:00,6.928772976178191
2025-07-30 20:00,6.11322845869171
2025-07-30 21:00,6.712252575355596
2025-07-30 22:00,7.364627417257834
2025-07-30 23:00,4.094907025031003
2025-07-31 00:00,2.8313389892889824
2025-07-31 01:00,2.5074142088356717
2025-07-31 02:00,2.1016645645368333
2025-07-31 03:00,1.378739434742706
2025-07-31 04:00,2.1374677320073894
2025-07-31 05:00,2.1057871018827203
2025-07-31 06:00,1.456231758843772
2025-07-31 07:00,2.0826570757419236
2025-07-31 08:00,1.987405635830729
2025-07-31 09:00,1.9590191017855507
2025-07-31 10:00,3.584286933501817
2025-07-31 11:00,3.619850443308372
2025-07-31 12:00,3.090862409329897
2025-07-31 13:00,2.916196785917651
2025-07-31 14:00,1.8145900253401301
2025-07-31 15:00,3.54975274920312
2025-07-31 16:00,2.700913187249691
2025-07-31 17:00,3.6577108236166014
2025-07-31 18:00,3.3509458872751585
2025-07-31 19:00,1.7398892718470151
2025-07-31 20:00,0.7138319965261236
2025-07-31 21:00,0.4036455348575901
2025-07-31 22:00,0.2479611355655293
2025-07-31 23:00,0.014280856733440053
2025-08-01 00:00,0.2211422602280574
2025-08-01 01:00,0.35145788719050924
2025-08-01 02:00,2.197450581858744
2025-08-01 03:00,1.743474306258151
2025-08-01 04:00,2.9101569352899106
2025-08-01 05:00,2.85062340296692
2025-08-01 06:00,2.156040136908604
2025-08-01 07:00,1.31774936496273
2025-08-01 08:00,0.07025405345420799
2025-08-01 09:00,0.18182279219522263
2025-08-01 10:00,0.08320233433669567
2025-08-01 11:00,0.10218767850517488
2025-08-01 12:00,0.16277102233425142
2025-08-01 13:00,0.12830640151835251
2025-08-01 14:00,0.46885085997030823
2025-08-01 15:00,0.9724549666059379
2025-08-01 16:00,0.9209085177233539
2025-08-01 17:00,0.9533868476398887
2025-08-01 18:00,0.6254833048951376
2025-08-01 19:00,0.3860656552125668
2025-08-01 20:00,0.45863865494147116
2025-08-01 21:00,0.0
2025-08-01 22:00,0.12254009039515915
2025-08-01 23:00,0.0
2025-08-02 00:00,0.15758274351583887
2025-08-02 01:00,0.0
2025-08-02 02:00,0.11738204692443222
2025-08-02 03:00,0.2275893046100127
2025-08-02 04:00,0.32765346198955764
2025-08-02 05:00,0.19183946115981532
2025-08-02 06:00,0.03075357117482097
2025-08-02 07:00,0.0014712372641058277
2025-08-02 08:00,0.08855596780586657
2025-08-02 09:00,0.0
2025-08-02 10:00,0.09357294797696199
2025-08-02 11:00,0.1798715600627576
2025-08-02 12:00,0.0
2025-08-02 13:00,0.25655098527622394
2025-08-02 14:00,0.6326183211607612
2025-08-02 15:00,1.4480999421234713
2025-08-02 16:00,1.505431837926133
2025-08-02 17:00,1.3416140388196294
2025-08-02 18:00,0.7409824438475479
2025-08-02 19:00,0.49142988146839695
2025-08-02 20:00,0.05761037390285196
2025-08-02 21:00,0.011773182531198656
2025-08-02 22:00,0.41785717023079305
2025-08-02 23:00,0.4417166948652919
2025-08-03 00:00,0.366677301861879
2025-08-03 01:00,0.29329975124677854
2025-08-03 02:00,0.20186936845462816
2025-08-03 03:00,0.2319657146233746
2025-08-03 04:00,0.24724002078303337
2025-08-03 05:00,0.2572406017957206
2025-08-03 06:00,0.03879735865552844
2025-08-03 07:00,0.0
2025-08-03 08:00,0.0
2025-08-03 09:00,0.4694479381584014
2025-08-03 10:00,0.8855619721888144
2025-08-03 11:00,1.09913412512652
2025-08-03 12:00,1.3549713011187576
2025-08-03 13:00,1.8439990241724677
2025-08-03 14:00,2.4986994325133054
2025-08-03 15:00,3.522192324935914
2025-08-03 16:00,2.816380713482523
2025-08-03 17:00,2.2311726796013756
2025-08-03 18:00,2.2951978982983916
2025-08-03 19:00,2.82097247820882
2025-08-03 20:00,4.205139476424871
2025-08-03 21:00,7.565099891231744
2025-08-03 22:00,15.480324995122432
2025-08-03 23:00,26.06092319849683
2025-08-04 00:00,34.346847429705484
2025-08-04 01:00,32.26813529903713
2025-08-04 02:00,34.496557335410955
2025-08-04 03:00,31.50359574439957
2025-08-04 04:00,32.73585328055603
2025-08-04 05:00,30.755745228722258
2025-08-04 06:00,26.53089188048804
2025-08-04 07:00,23.772758586267575
2025-08-04 08:00,23.51015579391091
2025-08-04 09:00,24.114297457382264
2025-08-04 10:00,17.11128905111338
2025-08-04 11:00,19.471860672451086
2025-08-04 12:00,25.20094476852025
2025-08-04 13:00,22.323637611528092
2025-08-04 14:00,19.054636051070258
2025-08-04 15:00,16.548789328247068
2025-08-04 16:00,18.35548153289934
2025-08-04 17:00,22.468873952972036
2025-08-04 18:00,26.500069379375443
2025-08-04 19:00,21.67784222029169
2025-08-04 20:00,25.477289515517935
2025-08-04 21:00,22.484629743432397
2025-08-04 22:00,12.014875145549013
2025-08-04 23:00,10.721848342807078
2025-08-05 00:00,5.693761047864197
2025-08-05 01:00,3.773156427310733
2025-08-05 02:00,0.6382151241206845
2025-08-05 03:00,0.48382216068179196
2025-08-05 04:00,0.8356276357017667
2025-08-05 05:00,1.2434818223904123
2025-08-05 06:00,1.236282434742758
2025-08-05 07:00,1.7085093397328481
2025-08-05 08:00,2.2390772823254017
2025-08-05 09:00,2.6450171353122243
2025-08-05 10:00,5.011157487971726
2025-08-05 11:00,3.063949282728306
2025-08-05 12:00,3.6504618006018967
2025-08-05 13:00,3.893821550325903
2025-08-05 14:00,7.620845529001541
2025-08-05 15:00,11.480895525964662
2025-08-05 16:00,12.931454809677534
2025-08-05 17:00,16.538104333965222
2025-08-05 18:00,23.578521033114377
2025-08-05 19:00,27.78587561854895
2025-08-05 20:00,30.76429627865503
2025-08-05 21:00,32.39479546447043
2025-08-05 22:00,32.04690912662433
2025-08-05 23:00,31.856168467223842
2025-08-06 00:00,36.28827473301509
2025-08-06 01:00,32.92921096503082
2025-08-06 02:00,31.471447316314343
2025-08-06 03:00,31.288681980968835
2025-08-06 04:00,31.05772973738052
2025-08-06 05:00,31.586117887366203
2025-08-06 06:00,30.26586610044031
2025-08-06 07:00,31.14728779573075
2025-08-06 08:00,31.230366060625467
2025-08-06 09:00,29.37637829818412
2025-08-06 10:00,25.598004856296445
2025-08-06 11:00,25.695279573559315
2025-08-06 12:00,25.277798600768513
2025-08-06 13:00,25.183980099561463
2025-08-06 14:00,23.332971890386254
2025-08-06 15:00,21.846289155706067
2025-08-06 16:00,21.168371575287527
2025-08-06 17:00,10.839489818857547
2025-08-06 18:00,10.754594703390792
2025-08-06 19:00,11.767670415651894
2025-08-06 20:00,13.719458679053119
2025-08-06 21:00,13.718102360285712
2025-08-06 22:00,10.17930675943636
2025-08-06 23:00,6.0896350923599805
2025-08-07 00:00,7.63200095832225
2025-08-07 01:00,3.2757366753689245
2025-08-07 02:00,0.5617482422367536
2025-08-07 03:00,1.0298975861045425
2025-08-07 04:00,0.26415574750216375
2025-08-07 05:00,0.23848574988974341
2025-08-07 06:00,0.3272808919427335
2025-08-07 07:00,0.08440637466647255
2025-08-07 08:00,0.0774534087982976
2025-08-07 09:00,3.411307261628536
2025-08-07 10:00,3.5722494839659986
2025-08-07 11:00,4.263294241473654
2025-08-07 12:00,3.317366048572907
2025-08-07 13:00,2.565279151661782
2025-08-07 14:00,2.7463157049185902
2025-08-07 15:00,3.3013581564892185
2025-08-07 16:00,3.665001876047386
2025-08-07 17:00,7.927908660964488
2025-08-07 18:00,4.452541257779101
2025-08-07 19:00,0.7744602920269612
2025-08-07 20:00,0.0
2025-08-07 21:00,0.47202353828843713
2025-08-07 22:00,0.6273538468536436
2025-08-07 23:00,0.4946997366779609
2025-08-08 00:00,0.5039344872856919
2025-08-08 01:00,0.302629159785719
2025-08-08 02:00,0.5764967709105916
2025-08-08 03:00,0.5524568449295044
2025-08-08 04:00,0.0
2025-08-08 05:00,0.0
2025-08-08 06:00,0.0
2025-08-08 07:00,0.0
2025-08-08 08:00,0.0
2025-08-08 09:00,0.06957454613034329
2025-08-08 10:00,0.09699688815670633
2025-08-08 11:00,0.1521774680806334
2025-08-08 12:00,0.0
2025-08-08 13:00,0.0
2025-08-08 14:00,0.23965034842323485
2025-08-08 15:00,0.8414100852877566
2025-08-08 16:00,1.041579299612564
2025-08-08 17:00,0.41509013551821194
2025-08-08 18:00,0.3134231605543088
2025-08-08 19:00,0.08889759648213798
2025-08-08 20:00,0.0983968680484028
2025-08-08 21:00,0.08801807407049622
2025-08-08 22:00,0.09663089374094719
2025-08-08 23:00,0.15604339544314225
2025-08-09 00:00,0.38963132842189524
2025-08-09 01:00,0.4673420030500371
2025-08-09 02:00,0.062093263025733154
2025-08-09 03:00,2.1406005245906004
2025-08-09 04:00,2.7567778027349457
2025-08-09 05:00,2.7732854633953283
2025-08-09 06:00,1.8565737381189962
2025-08-09 07:00,1.895453338222703
2025-08-09 08:00,2.4577507080863215
2025-08-09 09:00,2.6284014560071367
2025-08-09 10:00,2.3232887051665934
2025-08-09 11:00,1.8913484845967174
2025-08-09 12:00,3.6122672464606445
2025-08-09 13:00,7.1192292543129
2025-08-09 14:00,8.90437717794936
2025-08-09 15:00,10.14252965662021
2025-08-09 16:00,17.05587122688912
2025-08-09 17:00,22.8277698429286
2025-08-09 18:00,27.08137660175445
2025-08-09 19:00,25.71604945304303
2025-08-09 20:00,26.11189168511928
2025-08-09 21:00,24.951148703773157
2025-08-09 22:00,22.032257660811094
2025-08-09 23:00,20.66806364599992
2025-08-10 00:00,15.29845758429089
2025-08-10 01:00,17.17479001593041
2025-08-10 02:00,15.282049683777545
2025-08-10 03:00,16.9249367617713
2025-08-10 04:00,20.14207491524418
2025-08-10 05:00,24.086530522294584
2025-08-10 06:00,24.29021390787438
2025-08-10 07:00,26.30984262808064
2025-08-10 08:00,25.145321632114314
2025-08-10 09:00,22.691555985881376
2025-08-10 10:00,19.530188407208747
2025-08-10 11:00,25.16755307366259
2025-08-10 12:00,23.829358073559863
2025-08-10 13:00,22.80546265979796
2025-08-10 14:00,18.31938533674165
2025-08-10 15:00,19.069958695117602
2025-08-10 16:00,18.316881957509963
2025-08-10 17:00,16.724949461351855
2025-08-10 18:00,14.336504042894825
2025-08-10 19:00,6.294973509960875
2025-08-10 20:00,4.068330992021102
2025-08-10 21:00,0.8683537351050357
2025-08-10 22:00,0.8299262029284528
2025-08-10 23:00,0.31714853811292154
2025-08-11 00:00,0.3744163799109726
2025-08-11 01:00,0.07488785921690111
2025-08-11 02:00,0.0
2025-08-11 03:00,0.09577061752607076
2025-08-11 04:00,0.06680813665203555
2025-08-11 05:00,0.2733512179497712
2025-08-11 06:00,0.2850857543139069
2025-08-11 07:00,0.4090532863457337
2025-08-11 08:00,0.1516659064497359
2025-08-11 09:00,0.3233066746227243
2025-08-11 10:00,0.37032761321319774
2025-08-11 11:00,0.7952930953063972
2025-08-11 12:00,3.180003316180571
2025-08-11 13:00,2.287709430120552
2025-08-11 14:00,3.6394767997680897
2025-08-11 15:00,7.475703611701352
2025-08-11 16:00,6.952558163479768
2025-08-11 17:00,7.671567144218652
2025-08-11 18:00,7.885660856113724
2025-08-11 19:00,8.610278756713477
2025-08-11 20:00,8.578938431797505
2025-08-11 21:00,4.174464562846676
2025-08-11 22:00,3.623458932865469
2025-08-11 23:00,2.086026166100086
2025-08-12 00:00,0.7653737221160877
2025-08-12 01:00,0.47651570765178136
2025-08-12 02:00,0.3298660165316036
2025-08-12 03:00,0.34530965110305084
2025-08-12 04:00,0.3710027905308857
2025-08-12 05:00,0.25973778946543175
2025-08-12 06:00,0.34775558236103016
2025-08-12 07:00,0.18781363872904003
2025-08-12 08:00,0.694269172748986
2025-08-12 09:00,1.092663253612507
2025-08-12 10:00,1.2368327773863912
2025-08-12 11:00,2.559311201007064
2025-08-12 12:00,3.300950815644791
2025-08-12 13:00,2.6396396586647635
2025-08-12 14:00,5.566712330684456
2025-08-12 15:00,9.996417973311042
2025-08-12 16:00,12.16648019605362
2025-08-12 17:00,19.847335669338534
2025-08-12 18:00,19.61190735695749
2025-08-12 19:00,18.189553644537522
2025-08-12 20:00,17.50765317692085
2025-08-12 21:00,18.602219508637717
2025-08-12 22:00,20.60176122610174
2025-08-12 23:00,25.90564339537872
2025-08-13 00:00,27.207712115536992
2025-08-13 01:00,27.665360408539357
2025-08-13 02:00,31.953144508555372
2025-08-13 03:00,32.58413743523949
2025-08-13 04:00,31.65179244202065
2025-08-13 05:00,34.90229050084113
2025-08-13 06:00,36.650188485504344
2025-08-13 07:00,40.07015365368749
2025-08-13 08:00,38.2150424974786
2025-08-13 09:00,38.895582616839214
2025-08-13 10:00,35.912738852211746
2025-08-13 11:00,37.34271477262735
2025-08-13 12:00,36.090144390848664
2025-08-13 13:00,35.526221123538896
2025-08-13 14:00,36.26506340855312
2025-08-13 15:00,35.70293473538054
2025-08-13 16:00,36.695999564574166
2025-08-13 17:00,36.14886272791144
2025-08-13 18:00,34.29469761954526
2025-08-13 19:00,28.192725657280707
2025-08-13 20:00,28.928932670814707
2025-08-13 21:00,25.636945792484443
2025-08-13 22:00,21.45354333753072
2025-08-13 23:00,16.60441183426167
2025-08-14 00:00,25.470940041336465
2025-08-14 01:00,23.403284053301107
2025-08-14 02:00,18.333959112120642
2025-08-14 03:00,17.637744860406535
2025-08-14 04:00,10.933034694538225
2025-08-14 05:00,9.099435634045793
2025-08-14 06:00,9.354117929189366
2025-08-14 07:00,9.322398376348751
2025-08-14 08:00,9.587807545432435
2025-08-14 09:00,7.630026238486141
2025-08-14 10:00,6.670594066066118
2025-08-14 11:00,7.187526064475067
2025-08-14 12:00,7.258546626994096
2025-08-14 13:00,7.5846030586851985
2025-08-14 14:00,7.867173221080614
2025-08-14 15:00,9.81583744716081
2025-08-14 16:00,8.905255309135121
2025-08-14 17:00,11.687988379761329
2025-08-14 18:00,12.594931780101092
2025-08-14 19:00,6.66973615962997
2025-08-14 20:00,4.131853880937764
2025-08-14 21:00,2.284270560931303
2025-08-14 22:00,1.5778589312042517
2025-08-14 23:00,0.1252678409020899
2025-08-15 00:00,0.163007814954977
2025-08-15 01:00,0.48027407991123283
2025-08-15 02:00,0.0
2025-08-15 03:00,0.0715309812861822
2025-08-15 04:00,0.2757106469066196
2025-08-15 05:00,2.710175162841077
2025-08-15 06:00,3.057402419667287
2025-08-15 07:00,1.2867212972370974
2025-08-15 08:00,0.07409744178832772
2025-08-15 09:00,0.24104941362937746
2025-08-15 10:00,0.43168716350032693
2025-08-15 11:00,0.0
2025-08-15 12:00,1.6624003428188658
2025-08-15 13:00,1.5081915588899784
2025-08-15 14:00,1.2449979514523177
2025-08-15 15:00,1.7177670207825582
2025-08-15 16:00,2.059995165183602
2025-08-15 17:00,1.3633378711638262
2025-08-15 18:00,0.7494079320089306
2025-08-15 19:00,0.11104823232678782
2025-08-15 20:00,0.2325480219516928
2025-08-15 21:00,0.3504019684229573
2025-08-15 22:00,0.0
2025-08-15 23:00,0.475274994473617
2025-08-16 00:00,0.0
2025-08-16 01:00,0.0
2025-08-16 02:00,0.0
2025-08-16 03:00,0.0
2025-08-16 04:00,0.10179413107192145
2025-08-16 05:00,0.0
2025-08-16 06:00,0.0
2025-08-16 07:00,0.0
2025-08-16 08:00,0.0
2025-08-16 09:00,0.06752609184689484
2025-08-16 10:00,0.0
2025-08-16 11:00,0.0
2025-08-16 12:00,0.22693976861029053
2025-08-16 13:00,0.2709469598376169
2025-08-16 14:00,0.8306217450936351
2025-08-16 15:00,1.6153394218125494
2025-08-16 16:00,1.3138204554553166
2025-08-16 17:00,0.8208554424280031
2025-08-16 18:00,0.4775205504170985
2025-08-16 19:00,0.0
2025-08-16 20:00,0.22038338040299915
2025-08-16 21:00,0.19614240409291916
2025-08-16 22:00,0.38033619894891507
2025-08-16 23:00,0.6748914736536684
2025-08-17 00:00,2.202201661596712
2025-08-17 01:00,1.379230261506729
2025-08-17 02:00,2.864937496479752
2025-08-17 03:00,1.0452255285786707
2025-08-17 04:00,0.7174158375114739
2025-08-17 05:00,1.7512800777359112
2025-08-17 06:00,2.319929378036152
2025-08-17 07:00,0.17636678901188116
2025-08-17 08:00,0.27922477696686704
2025-08-17 09:00,0.0
2025-08-17 10:00,0.0
2025-08-17 11:00,0.0
2025-08-17 12:00,0.0
2025-08-17 13:00,0.11650502310482756
2025-08-17 14:00,0.3509044352951826
2025-08-17 15:00,1.7773778448757913
2025-08-17 16:00,1.9149949521345548
2025-08-17 17:00,1.217231461076839
2025-08-17 18:00,0.9036948361832733
2025-08-17 19:00,0.0907157091669974
2025-08-17 20:00,0.04652002657871474
2025-08-17 21:00,0.43941768055220826
2025-08-17 22:00,0.06760111022949351
2025-08-17 23:00,0.21472309319489064
2025-08-18 00:00,0.0
2025-08-18 01:00,0.0
2025-08-18 02:00,0.48850633091327017
2025-08-18 03:00,1.4021341063064934
2025-08-18 04:00,1.0737682412872784
2025-08-18 05:00,1.4602154019393392
2025-08-18 06:00,2.5464622984185885
2025-08-18 07:00,1.275735021748249
2025-08-18 08:00,0.6264631163522583
2025-08-18 09:00,0.18270113009312292
2025-08-18 10:00,0.5777718004805341
2025-08-18 11:00,0.8150480402112378
2025-08-18 12:00,0.7823597981482057
2025-08-18 13:00,0.4602766186587437
2025-08-18 14:00,0.7065434769516794
2025-08-18 15:00,1.0295817709368502
2025-08-18 16:00,1.0995013231990218
2025-08-18 17:00,0.9610820271378432
2025-08-18 18:00,0.7954467047179473
2025-08-18 19:00,1.0702013232961427
2025-08-18 20:00,0.33711512855718956
2025-08-18 21:00,0.5236322189697908
2025-08-18 22:00,1.2592047880821782
2025-08-18 23:00,1.529439159466677
2025-08-19 00:00,2.469082987871583
2025-08-19 01:00,1.7874653362758404
2025-08-19 02:00,5.3058354616447
2025-08-19 03:00,3.75896095509071
2025-08-19 04:00,8.350683912263593
2025-08-19 05:00,6.949854032105625
2025-08-19 06:00,4.816979056494969
2025-08-19 07:00,5.0684815253460975
2025-08-19 08:00,5.110800914411791
2025-08-19 09:00,4.560507254849975
2025-08-19 10:00,4.41838709843823
2025-08-19 11:00,5.694309818988707
2025-08-19 12:00,6.395346143092229
2025-08-19 13:00,6.409980163392767
2025-08-19 14:00,6.258832690806487
2025-08-19 15:00,7.144551722802102
2025-08-19 16:00,8.048761537783154
2025-08-19 17:00,12.419896095077368
2025-08-19 18:00,5.5616977634517735
2025-08-19 19:00,2.9496269848495817
2025-08-19 20:00,3.231590825904421
2025-08-19 21:00,1.7742689024876193
2025-08-19 22:00,1.2260083713145624
2025-08-19 23:00,1.5738115155765964
2025-08-20 00:00,1.7997555873472146
2025-08-20 01:00,0.8855888920291742
2025-08-20 02:00,2.5341458064900353
2025-08-20 03:00,2.0553125427839274
2025-08-20 04:00,2.4297833059812497
2025-08-20 05:00,2.5758640418326055
2025-08-20 06:00,2.2892216029638015
2025-08-20 07:00,2.5605943560851547
2025-08-20 08:00,2.1541036390625683
2025-08-20 09:00,1.7569030319617
2025-08-20 10:00,1.6049791532351718
2025-08-20 11:00,3.802759516766426
2025-08-20 12:00,4.202758547109683
2025-08-20 13:00,5.583652284066745
2025-08-20 14:00,6.601177467221639
2025-08-20 15:00,7.79894488914548
2025-08-20 16:00,3.1951188099325574
2025-08-20 17:00,1.7081939290957957
2025-08-20 18:00,0.7117609140900111
2025-08-20 19:00,0.1754007594578243
2025-08-20 20:00,0.0321839783321877
2025-08-20 21:00,0.15194484177565007
2025-08-20 22:00,0.2901078733181244
2025-08-20 23:00,0.12289185650186915
2025-08-21 00:00,0.0
2025-08-21 01:00,0.17781210181576645
2025-08-21 02:00,0.08824163138949051
2025-08-21 03:00,0.4899430112536984
2025-08-21 04:00,0.41385934175850314
2025-08-21 05:00,0.0
2025-08-21 06:00,0.16953168398559176
2025-08-21 07:00,0.2718804487694076
2025-08-21 08:00,0.22792963470200464
2025-08-21 09:00,0.0
2025-08-21 10:00,0.0
2025-08-21 11:00,0.0
2025-08-21 12:00,0.0
2025-08-21 13:00,0.4949323874595025
2025-08-21 14:00,0.0
2025-08-21 15:00,0.980251232978775
2025-08-21 16:00,0.7102191883920788
2025-08-21 17:00,0.8907275899010317
2025-08-21 18:00,1.125931303873788
2025-08-21 19:00,0.9871622787414723
2025-08-21 20:00,0.15159663839294807
2025-08-21 21:00,0.1057965240600535
2025-08-21 22:00,9.81880388404133e-05
2025-08-21 23:00,0.0
2025-08-22 00:00,0.05607738085116186
2025-08-22 01:00,0.272327429764673
2025-08-22 02:00,0.07856716333052001
2025-08-22 03:00,0.12924900390254204
2025-08-22 04:00,0.25536245466635676
2025-08-22 05:00,0.1391690590631865
2025-08-22 06:00,0.1670976423357937
2025-08-22 07:00,0.027120645902199005
2025-08-22 08:00,0.04379164573956114
2025-08-22 09:00,0.0
2025-08-22 10:00,0.08064855241208042
2025-08-22 11:00,0.1688872559652545
2025-08-22 12:00,0.20767521136449046
2025-08-22 13:00,0.030523905263737786
2025-08-22 14:00,0.8026149837507013
2025-08-22 15:00,1.3544956168487323
2025-08-22 16:00,0.857881434614632
2025-08-22 17:00,0.5824833787648015
2025-08-22 18:00,0.0
2025-08-22 19:00,0.0
2025-08-22 20:00,0.1716706976041851
2025-08-22 21:00,0.19189943481890262
2025-08-22 22:00,0.07119140978499199
2025-08-22 23:00,0.2520955996075998
2025-08-23 00:00,0.3119579636035458
2025-08-23 01:00,0.06671482773916725
2025-08-23 02:00,0.0769254550829533
2025-08-23 03:00,0.0
2025-08-23 04:00,0.0
2025-08-23 05:00,0.31272305775969006
2025-08-23 06:00,0.11962093720163333
2025-08-23 07:00,0.03567688793759884
2025-08-23 08:00,0.0
2025-08-23 09:00,0.02252470736095484
2025-08-23 10:00,0.0371084968420735
2025-08-23 11:00,0.0
2025-08-23 12:00,0.05300649413469511
2025-08-23 13:00,0.11636344822153055
2025-08-23 14:00,0.0
2025-08-23 15:00,0.4285732967955568
2025-08-23 16:00,0.5726048859096953
2025-08-23 17:00,0.3472199186490976
2025-08-23 18:00,0.24204996295487308
2025-08-23 19:00,0.0
2025-08-23 20:00,0.22822549455613142
2025-08-23 21:00,0.434749886832303
2025-08-23 22:00,0.15723594838467098
2025-08-23 23:00,0.12373255501444176
2025-08-24 00:00,0.44545953914999953
2025-08-24 01:00,0.16131665340596538
2025-08-24 02:00,0.16081494880971595
2025-08-24 03:00,0.24608030549238358
2025-08-24 04:00,0.0
2025-08-24 05:00,0.0
2025-08-24 06:00,0.3079848680921508
2025-08-24 07:00,0.1512157904591071
2025-08-24 08:00,0.5196649635820982
2025-08-24 09:00,0.46993083758776527
2025-08-24 10:00,0.22257418475857832
2025-08-24 11:00,0.3140487280922943
2025-08-24 12:00,0.8522443532826729
2025-08-24 13:00,1.184669805408539
2025-08-24 14:00,2.0468105435920596
2025-08-24 15:00,2.99812034039271
2025-08-24 16:00,1.6267501807046314
2025-08-24 17:00,1.5967063688037524
2025-08-24 18:00,0.7158409507447351
2025-08-24 19:00,0.3919412844465988
2025-08-24 20:00,0.025523000230048533
2025-08-24 21:00,0.12951267807932645
2025-08-24 22:00,0.2599205250295856
2025-08-24 23:00,0.49866424281115385
2025-08-25 00:00,0.6141282120139929
2025-08-25 01:00,0.28796937184936877
2025-08-25 02:00,0.06061555501740549
2025-08-25 03:00,0.3879991909113796
2025-08-25 04:00,0.2744837141192757
2025-08-25 05:00,0.9816965236251959
2025-08-25 06:00,1.3367905107574647
2025-08-25 07:00,2.4328246953852704
2025-08-25 08:00,2.3747975010936178
2025-08-25 09:00,2.4124760470133153
2025-08-25 10:00,3.382285914463155
2025-08-25 11:00,5.029767355617103
2025-08-25 12:00,6.995165552221254
2025-08-25 13:00,6.3777053881888275
2025-08-25 14:00,7.000832919083917
2025-08-25 15:00,7.8639148474128495
2025-08-25 16:00,8.814073276567006
2025-08-25 17:00,15.333542213188158
2025-08-25 18:00,14.908618007178255
2025-08-25 19:00,19.200484401544177
2025-08-25 20:00,21.519989288493186
2025-08-25 21:00,25.02135459153257
2025-08-25 22:00,24.915359139601374
2025-08-25 23:00,24.67734334269561
2025-08-26 00:00,27.83863385485563
2025-08-26 01:00,28.310675264967387
2025-08-26 02:00,33.8098634250184
2025-08-26 03:00,34.15629413290218
2025-08-26 04:00,32.77730934834715
2025-08-26 05:00,32.0026962188524
2025-08-26 06:00,29.755679252393485
2025-08-26 07:00,27.871146779091447
2025-08-26 08:00,22.442107982064474
2025-08-26 09:00,21.330837488416204
2025-08-26 10:00,17.124786542326415
2025-08-26 11:00,16.863976983587175
2025-08-26 12:00,17.008011165377454
2025-08-26 13:00,11.561306938633575
2025-08-26 14:00,3.7087959125494065
2025-08-26 15:00,2.7588554220303476
2025-08-26 16:00,2.119787222362767
2025-08-26 17:00,1.3610801990794057
2025-08-26 18:00,0.8441921168553433
2025-08-26 19:00,2.514559772995116
2025-08-26 20:00,3.2176584235056342
2025-08-26 21:00,0.5704894103892579
2025-08-26 22:00,0.9023928081394045
2025-08-26 23:00,1.005788350705575
2025-08-27 00:00,1.0089587031845322
2025-08-27 01:00,1.0247175247911673
2025-08-27 02:00,1.0269048655791562
2025-08-27 03:00,0.8170030545502612
2025-08-27 04:00,0.8100042561931888
2025-08-27 05:00,0.4133539658066107
2025-08-27 06:00,0.1990333422679441
2025-08-27 07:00,0.010877036127077274
2025-08-27 08:00,0.2030876231834769
2025-08-27 09:00,0.0
2025-08-27 10:00,0.0055167111476697415
2025-08-27 11:00,0.0
2025-08-27 12:00,0.0
2025-08-27 13:00,0.1291922548884823
2025-08-27 14:00,0.0
2025-08-27 15:00,0.46649130129987826
2025-08-27 16:00,0.6608400797471554
2025-08-27 17:00,0.6441938918690014
2025-08-27 18:00,0.5563133485728409
2025-08-27 19:00,0.11884560775058599
2025-08-27 20:00,0.0
2025-08-27 21:00,0.0
2025-08-27 22:00,0.1912925743614238
2025-08-27 23:00,0.20326244625065704
2025-08-28 00:00,0.7512404038408029
2025-08-28 01:00,0.5003127931651844
2025-08-28 02:00,0.7344850083634801
2025-08-28 03:00,1.4199419642811477
2025-08-28 04:00,3.067682250916327
2025-08-28 05:00,3.343269269933433
2025-08-28 06:00,6.124953230964276
2025-08-28 07:00,6.7267592533904494
2025-08-28 08:00,6.8432830697851665
2025-08-28 09:00,7.685731548840127
2025-08-28 10:00,10.462327063813715
2025-08-28 11:00,11.481150460641468
2025-08-28 12:00,9.742977257330116
2025-08-28 13:00,8.57121157059909
2025-08-28 14:00,12.058115795938255
2025-08-28 15:00,11.214545066849736
2025-08-28 16:00,10.678429202326964
2025-08-28 17:00,13.372883499287262
2025-08-28 18:00,12.507528676057854
2025-08-28 19:00,7.300788975662094
2025-08-28 20:00,6.465696465531798
2025-08-28 21:00,5.391343492148356
2025-08-28 22:00,5.209006273257806
2025-08-28 23:00,4.875508547231322
2025-08-29 00:00,4.882932208458923
2025-08-29 01:00,4.1983162918518815
2025-08-29 02:00,5.320445881306885
2025-08-29 03:00,5.309274441704969
2025-08-29 04:00,5.6322799021129635
2025-08-29 05:00,5.223985317615388
2025-08-29 06:00,4.801720928304054
2025-08-29 07:00,4.4184591469700365
2025-08-29 08:00,4.331409183087666
2025-08-29 09:00,4.911509413403631
2025-08-29 10:00,4.628831792382527
2025-08-29 11:00,5.092866078318653
2025-08-29 12:00,5.401946790559073
2025-08-29 13:00,5.001496991785853
2025-08-29 14:00,3.1620149511795663
2025-08-29 15:00,2.541187845838635
2025-08-29 16:00,2.7956660330079157
2025-08-29 17:00,2.4024470090018872
2025-08-29 18:00,1.1337642028637227
2025-08-29 19:00,0.28080099120325647
2025-08-29 20:00,0.06003393431373303
2025-08-29 21:00,0.0
2025-08-29 22:00,0.5043493059151667
2025-08-29 23:00,0.3883368006956438
2025-08-30 00:00,0.9959987049240059
2025-08-30 01:00,0.8376037445699814
2025-08-30 02:00,1.4483007066742826
2025-08-30 03:00,3.9287450804315456
2025-08-30 04:00,4.850509477283409
2025-08-30 05:00,5.9135702776524965
2025-08-30 06:00,4.571415689205884
2025-08-30 07:00,1.6029867103416529
2025-08-30 08:00,0.429880691270723
2025-08-30 09:00,0.3232031251417791
2025-08-30 10:00,0.2174042094627641
2025-08-30 11:00,0.12013012535896996
2025-08-30 12:00,0.20744937235376018
2025-08-30 13:00,0.29127720741296903
2025-08-30 14:00,0.6818329686982588
2025-08-30 15:00,1.0050905507904446
2025-08-30 16:00,1.0078300981906296
2025-08-30 17:00,0.7981808705529896
2025-08-30 18:00,0.2914643700048941
2025-08-30 19:00,0.016764804695944588
2025-08-30 20:00,0.09653953324239403
2025-08-30 21:00,0.01462641016499607
2025-08-30 22:00,0.04641561420757111
2025-08-30 23:00,0.10737496562147592
2025-08-31 00:00,0.25453475635232703
2025-08-31 01:00,0.0
2025-08-31 02:00,0.0023888225197611296
2025-08-31 03:00,0.0
2025-08-31 04:00,0.0
2025-08-31 05:00,0.49065438373049364
2025-08-31 06:00,0.4819334040609897
2025-08-31 07:00,1.089686596666396
2025-08-31 08:00,2.5680402472302526
2025-08-31 09:00,1.7148789182592117
2025-08-31 10:00,2.0093272228808017
2025-08-31 11:00,2.9286990984698185
2025-08-31 12:00,1.9802090144749918
2025-08-31 13:00,3.5525585037505354
2025-08-31 14:00,10.405911345905736
2025-08-31 15:00,14.225894017452136
2025-08-31 16:00,18.095890681420723
2025-08-31 17:00,13.229394625465595
2025-08-31 18:00,11.242155927324859
2025-08-31 19:00,13.46211804123066
2025-08-31 20:00,13.99923465934313
2025-08-31 21:00,14.501013428644619
2025-08-31 22:00,15.125636335567997
2025-08-31 23:00,14.990536290894035
2025-09-01 00:00,17.590347971995513
2025-09-01 01:00,15.726034022778977
2025-09-01 02:00,14.413335474106574
2025-09-01 03:00,13.804881846250968
2025-09-01 04:00,19.98730234533213
2025-09-01 05:00,20.880774147290843
2025-09-01 06:00,19.8743199925093
2025-09-01 07:00,19.3298881201635
2025-09-01 08:00,21.858765338578113
2025-09-01 09:00,22.14222124917127
2025-09-01 10:00,25.019752346573686
2025-09-01 11:00,28.69772859609457
2025-09-01 12:00,30.178676269124736
2025-09-01 13:00,24.201271814434264
2025-09-01 14:00,25.2968546838602
2025-09-01 15:00,24.232271059489417
2025-09-01 16:00,24.0159774227836
2025-09-01 17:00,14.058226670344744
2025-09-01 18:00,10.749965579546425
2025-09-01 19:00,16.679046389736495
2025-09-01 20:00,17.811201506313875
2025-09-01 21:00,11.9572048978026
2025-09-01 22:00,8.368669092988208
2025-09-01 23:00,1.299483262830566
2025-09-02 00:00,1.09976097965935
2025-09-02 01:00,0.5734043545976875
2025-09-02 02:00,0.7602491886996694
2025-09-02 03:00,1.369968336063881
2025-09-02 04:00,0.8729720070475138
2025-09-02 05:00,1.5632645202539162
2025-09-02 06:00,1.0665031551036905
2025-09-02 07:00,0.6277997227530345
2025-09-02 08:00,0.6010223184789879
2025-09-02 09:00,0.5307874641629143
2025-09-02 10:00,0.3647119709989616
2025-09-02 11:00,0.17147839923360872
2025-09-02 12:00,0.323537333924122
2025-09-02 13:00,0.5370668972896768
2025-09-02 14:00,0.11373574997287995
2025-09-02 15:00,1.063299169766697
2025-09-02 16:00,1.2458107581963054
2025-09-02 17:00,1.9800787338898904
2025-09-02 18:00,2.3031055876569635
2025-09-02 19:00,0.9745868809819842
2025-09-02 20:00,2.1375895652368837
2025-09-02 21:00,1.6165237475446705
2025-09-02 22:00,1.250695780597262
2025-09-02 23:00,0.24169802073320504
2025-09-03 00:00,0.10904295169932078
2025-09-03 01:00,0.4167689615452776
2025-09-03 02:00,0.021025626238901154
2025-09-03 03:00,0.0
2025-09-03 04:00,0.04952465239554013
2025-09-03 05:00,0.22746926456751093
2025-09-03 06:00,0.29220195347017236
2025-09-03 07:00,0.11436079869137687
2025-09-03 08:00,0.06612396342328572
2025-09-03 09:00,0.0
2025-09-03 10:00,0.0
2025-09-03 11:00,0.0
2025-09-03 12:00,0.26709294991164995
2025-09-03 13:00,0.1980747925632411
2025-09-03 14:00,0.0
2025-09-03 15:00,0.30865320735204366
2025-09-03 16:00,0.4426945844402647
2025-09-03 17:00,0.18080948386168502
2025-09-03 18:00,0.07266671883489748
2025-09-03 19:00,0.04949706128830534
2025-09-03 20:00,0.10282325638707893
2025-09-03 21:00,0.0
2025-09-03 22:00,0.3953327391461349
2025-09-03 23:00,0.2535879804950575
2025-09-04 00:00,0.0
2025-09-04 01:00,0.0
2025-09-04 02:00,0.2053768595439003
2025-09-04 03:00,0.6108430010349905
2025-09-04 04:00,0.7207342706730481
2025-09-04 05:00,0.5732262406814483
2025-09-04 06:00,0.7701996306899324
2025-09-04 07:00,1.3094904087227752
2025-09-04 08:00,3.3793563246888
2025-09-04 09:00,1.6125198033848158
2025-09-04 10:00,0.4549200416173216
2025-09-04 11:00,0.9999182974127023
2025-09-04 12:00,2.3441129768618514
2025-09-04 13:00,3.0752532685106946
2025-09-04 14:00,4.451242877588884
2025-09-04 15:00,10.75626849184041
2025-09-04 16:00,11.275581776982301
2025-09-04 17:00,14.041709452110858
2025-09-04 18:00,10.142965073318242
2025-09-04 19:00,9.89897651516818
2025-09-04 20:00,6.0636614676618805
2025-09-04 21:00,6.253126457965245
2025-09-04 22:00,3.9128171504869287
2025-09-04 23:00,1.9843926674235675
2025-09-05 00:00,0.46355087327980915
2025-09-05 01:00,1.1178453781532434
2025-09-05 02:00,1.026509464253351
2025-09-05 03:00,0.7972395649187444
2025-09-05 04:00,0.894311535723058
2025-09-05 05:00,1.0971186376103104
2025-09-05 06:00,1.227231415609351
2025-09-05 07:00,0.7047039171461348
2025-09-05 08:00,0.5414940230336421
2025-09-05 09:00,0.03224054363345574
2025-09-05 10:00,0.0
2025-09-05 11:00,0.08922235678431849
2025-09-05 12:00,0.0
2025-09-05 13:00,0.16774619685771572
2025-09-05 14:00,0.0
2025-09-05 15:00,0.7581270122641776
2025-09-05 16:00,0.8820882524820945
2025-09-05 17:00,0.5088803279791633
2025-09-05 18:00,0.40952748588269117
2025-09-05 19:00,0.4239451951518176
2025-09-05 20:00,1.1369716206750553
2025-09-05 21:00,0.0994896841191073
2025-09-05 22:00,0.8622906261051232
2025-09-05 23:00,2.8129462154600366
2025-09-06 00:00,5.97582993573254
2025-09-06 01:00,12.661900949880847
2025-09-06 02:00,18.27368664157649
2025-09-06 03:00,20.80789907867452
2025-09-06 04:00,20.246759966588193
2025-09-06 05:00,21.063154796365712
2025-09-06 06:00,21.506591007467783
2025-09-06 07:00,23.47502902149596
2025-09-06 08:00,23.10566371453298
2025-09-06 09:00,24.009866483777447
2025-09-06 10:00,22.214542736085757
2025-09-06 11:00,25.483933926121843
2025-09-06 12:00,27.666496243786057
2025-09-06 13:00,23.844256726756488
2025-09-06 14:00,23.345742703268304
2025-09-06 15:00,21.931785418964992
2025-09-06 16:00,18.477625357298518
2025-09-06 17:00,21.46105119853713
2025-09-06 18:00,24.70141331284744
2025-09-06 19:00,27.777681342324392
2025-09-06 20:00,30.3534979530764
2025-09-06 21:00,28.845643801188807
2025-09-06 22:00,29.797358224720572
2025-09-06 23:00,30.430345042434134
2025-09-07 00:00,34.16553027989997
2025-09-07 01:00,29.54219755922137
2025-09-07 02:00,30.589229773193374
2025-09-07 03:00,24.844019988496804
2025-09-07 04:00,24.341502185498605
2025-09-07 05:00,14.054127949016879
2025-09-07 06:00,9.90843200030299
2025-09-07 07:00,9.737770875541116
2025-09-07 08:00,8.082088828969495
2025-09-07 09:00,5.911806362415994
2025-09-07 10:00,1.973908208375723
2025-09-07 11:00,1.5805252306840467
2025-09-07 12:00,3.1259793274791523
2025-09-07 13:00,3.1816193956524113
2025-09-07 14:00,2.7436325356968965
2025-09-07 15:00,3.4904136035233204
2025-09-07 16:00,2.4398728060423913
2025-09-07 17:00,2.680027656126561
2025-09-07 18:00,3.3576997720085178
2025-09-07 19:00,1.0349305234948083
2025-09-07 20:00,1.148723373606916
2025-09-07 21:00,0.9989856144764664
2025-09-07 22:00,0.9513078919616798
2025-09-07 23:00,0.6746011862362721
2025-09-08 00:00,1.1116564356803302
2025-09-08 01:00,0.39133948737090746
2025-09-08 02:00,0.4175207725799623
2025-09-08 03:00,0.6842680988126616
2025-09-08 04:00,0.6985176476750086
2025-09-08 05:00,0.7649938329721244
2025-09-08 06:00,1.5473674594799753
2025-09-08 07:00,0.796489599206513
2025-09-08 08:00,0.5777848366392606
2025-09-08 09:00,0.0949158461776708
2025-09-08 10:00,0.15173788587024795
2025-09-08 11:00,0.24268216228397538
2025-09-08 12:00,0.22403560319682758
2025-09-08 13:00,0.6311618293323232
2025-09-08 14:00,0.7466744770846804
2025-09-08 15:00,0.13125661898863042
2025-09-08 16:00,0.0
2025-09-08 17:00,0.0020543494379276707
2025-09-08 18:00,0.13976552278497162
2025-09-08 19:00,0.11585490575975897
2025-09-08 20:00,0.1383259478934904
2025-09-08 21:00,0.19419184108422718
2025-09-08 22:00,0.6476966152152003
2025-09-08 23:00,1.2916611878904716
2025-09-09 00:00,1.7380574650963834
2025-09-09 01:00,3.326889473170601
2025-09-09 02:00,4.197138441335671
2025-09-09 03:00,4.775314856384908
2025-09-09 04:00,3.5787161987368794
2025-09-09 05:00,2.939366817619909
2025-09-09 06:00,2.0333743752872953
2025-09-09 07:00,1.2691218537460425
2025-09-09 08:00,1.6324277862642753
2025-09-09 09:00,1.9295058255561726
2025-09-09 10:00,1.167583863180246
2025-09-09 11:00,5.134768898436607
2025-09-09 12:00,3.1378234592562095
2025-09-09 13:00,2.6277581961109693
2025-09-09 14:00,11.738104850465094
2025-09-09 15:00,12.073935653253386
2025-09-09 16:00,12.168196828810778
2025-09-09 17:00,11.324653482242665
2025-09-09 18:00,9.742822309876928
2025-09-09 19:00,10.194943216350008
2025-09-09 20:00,7.401233718109271
2025-09-09 21:00,1.4533260864811588
2025-09-09 22:00,0.3795841580420618
2025-09-09 23:00,0.45963508351520405
2025-09-10 00:00,2.5124791747163178
2025-09-10 01:00,3.873835089692164
2025-09-10 02:00,3.3884225478340713
2025-09-10 03:00,3.4103914015312697
2025-09-10 04:00,2.387310803651081
2025-09-10 05:00,2.363854935532912
2025-09-10 06:00,3.430717634064629
2025-09-10 07:00,5.890842539599593
2025-09-10 08:00,8.689017938326534
2025-09-10 09:00,8.961989069544984
2025-09-10 10:00,9.302386224211162
2025-09-10 11:00,13.399397468291907
2025-09-10 12:00,12.622858339826308
2025-09-10 13:00,13.834098128863472
2025-09-10 14:00,13.84301026854028
2025-09-10 15:00,13.84849251533432
2025-09-10 16:00,14.848456372000294
2025-09-10 17:00,13.992307533136609
2025-09-10 18:00,14.776328681078368
2025-09-10 19:00,16.387860586300523
2025-09-10 20:00,16.586143108212475
2025-09-10 21:00,9.851172269189249
2025-09-10 22:00,7.300631737625308
2025-09-10 23:00,6.4260906616086935
2025-09-11 00:00,2.7267687736398893
2025-09-11 01:00,2.4881973109072395
2025-09-11 02:00,2.074931314204135
2025-09-11 03:00,1.7054684769844246
2025-09-11 04:00,1.9754258744059339
2025-09-11 05:00,2.708203251545745
2025-09-11 06:00,3.4800056861143402
2025-09-11 07:00,3.776168855086223
2025-09-11 08:00,3.1666767000763802
2025-09-11 09:00,3.027417970894019
2025-09-11 10:00,2.202926543805354
2025-09-11 11:00,2.9218159594385997
2025-09-11 12:00,2.1191746767775603
2025-09-11 13:00,0.5420749624053689
2025-09-11 14:00,0.890099508788513
2025-09-11 15:00,1.9768465279568581
2025-09-11 16:00,2.082602749777428
2025-09-11 17:00,4.4796323207149875
2025-09-11 18:00,4.787200556757538
2025-09-11 19:00,6.281680670071615
2025-09-11 20:00,7.341890567823255
2025-09-11 21:00,8.833154278433152
2025-09-11 22:00,9.138480946185004
2025-09-11 23:00,7.913310426625401
2025-09-12 00:00,4.497725617371706
2025-09-12 01:00,5.510916168307799
2025-09-12 02:00,5.809241651239501
2025-09-12 03:00,6.21351354653222
2025-09-12 04:00,9.318695677843651
2025-09-12 05:00,9.629875070980937
2025-09-12 06:00,10.124185686756876
2025-09-12 07:00,5.63917784539983
2025-09-12 08:00,6.0664620427785785
2025-09-12 09:00,4.914744793811323
2025-09-12 10:00,1.9656726986538675
2025-09-12 11:00,1.7344816448226898
2025-09-12 12:00,3.6927342025366316
2025-09-12 13:00,2.5260613448081033
2025-09-12 14:00,3.206099651838222
2025-09-12 15:00,5.970782081696928
2025-09-12 16:00,5.604179347094311
2025-09-12 17:00,5.411606515806564
2025-09-12 18:00,5.4278210340064215
2025-09-12 19:00,6.7785375804345405
2025-09-12 20:00,7.105631309157348
2025-09-12 21:00,10.59599329753355
2025-09-12 22:00,14.637681936581862
2025-09-12 23:00,17.80196937732024
2025-09-13 00:00,33.345744652485614
2025-09-13 01:00,43.02803093920493
2025-09-13 02:00,46.93520046394874
2025-09-13 03:00,42.309917839832565
2025-09-13 04:00,41.520811967421736
2025-09-13 05:00,41.89710522876856
2025-09-13 06:00,40.68209660930684
2025-09-13 07:00,41.12147422725871
2025-09-13 08:00,39.83675553485147
2025-09-13 09:00,36.70841363524816
2025-09-13 10:00,37.61642556765526
2025-09-13 11:00,37.71781820293031
2025-09-13 12:00,23.577180349915622
2025-09-13 13:00,14.328111431895048
2025-09-13 14:00,5.59314906738913
2025-09-13 15:00,6.620415451106769
2025-09-13 16:00,5.343572147060154
2025-09-13 17:00,2.935663755450739
2025-09-13 18:00,1.0284707842287828
2025-09-13 19:00,0.864837011601914
2025-09-13 20:00,0.5814773280338392
2025-09-13 21:00,0.41544751460418894
2025-09-13 22:00,0.1051643840634543
2025-09-13 23:00,0.019219650575634035
2025-09-14 00:00,0.6811990692860787
2025-09-14 01:00,0.0023345587059812652
2025-09-14 02:00,0.2761347854835663
2025-09-14 03:00,0.16505955901153108
2025-09-14 04:00,0.2215946273352936
2025-09-14 05:00,1.1291127404518089
2025-09-14 06:00,2.7595717986669754
2025-09-14 07:00,2.3494002345595177
2025-09-14 08:00,1.7576009898098546
2025-09-14 09:00,1.0040077196789132
2025-09-14 10:00,1.0749271075609823
2025-09-14 11:00,1.2718545736352422
2025-09-14 12:00,1.502037824887984
2025-09-14 13:00,0.4297660337000314
2025-09-14 14:00,0.0
2025-09-14 15:00,0.011889372475295066
2025-09-14 16:00,0.060827317873283146
2025-09-14 17:00,0.0
2025-09-14 18:00,0.29631802238979055
2025-09-14 19:00,0.42591807548878113
2025-09-14 20:00,0.5394964656750703
2025-09-14 21:00,0.6979230327735754
2025-09-14 22:00,0.0
2025-09-14 23:00,0.09951404256023014
2025-09-15 00:00,0.00046267621213874757
2025-09-15 01:00,0.04469924734503945
2025-09-15 02:00,0.38041669842267445
2025-09-15 03:00,0.25314487571518013
2025-09-15 04:00,0.2452646804814565
2025-09-15 05:00,1.2007475127913545
2025-09-15 06:00,1.3661909734138489
2025-09-15 07:00,0.3988145585760013
2025-09-15 08:00,0.36566494993446436
2025-09-15 09:00,0.33836601057291216
2025-09-15 10:00,0.029350185720436794
2025-09-15 11:00,0.0
2025-09-15 12:00,0.0
2025-09-15 13:00,0.026240886231455308
2025-09-15 14:00,0.13259070625022124
2025-09-15 15:00,0.013312215021155099
2025-09-15 16:00,0.0
2025-09-15 17:00,0.022627501586815743
2025-09-15 18:00,0.03075083289515818
2025-09-15 19:00,0.0
2025-09-15 20:00,0.14867437595590505
2025-09-15 21:00,0.2298369062774391
2025-09-15 22:00,0.2211152808105917
2025-09-15 23:00,0.10276809515005941
2025-09-16 00:00,0.01237946917923352
2025-09-16 01:00,0.300806646041301
2025-09-16 02:00,0.3315914056835997
2025-09-16 03:00,0.1708205677439646
2025-09-16 04:00,0.200904255293525
2025-09-16 05:00,0.27355532633258234
2025-09-16 06:00,0.7558665353149518
2025-09-16 07:00,0.43694980909634773
2025-09-16 08:00,0.0
2025-09-16 09:00,0.9126283989202723
2025-09-16 10:00,1.081322449478486
2025-09-16 11:00,2.8071413941080197
2025-09-16 12:00,3.456211090919646
2025-09-16 13:00,6.891914574842146
2025-09-16 14:00,8.758996497932188
2025-09-16 15:00,11.685897174116365
2025-09-16 16:00,13.556569801425715
2025-09-16 17:00,19.180783738128266
2025-09-16 18:00,24.329183512718142
2025-09-16 19:00,23.232618717940817
2025-09-16 20:00,26.5726026630192
2025-09-16 21:00,26.04359992757531
2025-09-16 22:00,26.271765164501886
2025-09-16 23:00,29.020918302118062
2025-09-17 00:00,30.67121834678873
2025-09-17 01:00,26.20610891065795
2025-09-17 02:00,25.721911187966953
2025-09-17 03:00,29.060414147323037
2025-09-17 04:00,27.87707409192833
2025-09-17 05:00,28.559697704256095
2025-09-17 06:00,25.78948034933684
2025-09-17 07:00,21.30461600107976
2025-09-17 08:00,25.51954062392786
2025-09-17 09:00,28.51301611800555
2025-09-17 10:00,24.84382019643006
2025-09-17 11:00,28.484822632924214
2025-09-17 12:00,30.823911552163114
2025-09-17 13:00,29.491286909985472
2025-09-17 14:00,28.664120789288972
2025-09-17 15:00,23.939519513272582
2025-09-17 16:00,19.54805029071403
2025-09-17 17:00,22.297802335009955
2025-09-17 18:00,22.273851062476584
2025-09-17 19:00,23.32471264713936
2025-09-17 20:00,28.15873211032053
2025-09-17 21:00,27.034819032108008
2025-09-17 22:00,21.961684699816853
2025-09-17 23:00,18.448919796746527
2025-09-18 00:00,16.058562769756225
2025-09-18 01:00,16.935106029761016
2025-09-18 02:00,12.810182815760427
2025-09-18 03:00,12.58369381460582
2025-09-18 04:00,13.665157681161446
2025-09-18 05:00,10.985712247573588
2025-09-18 06:00,10.23053389125142
2025-09-18 07:00,10.549964862671303
2025-09-18 08:00,9.479919975778827
2025-09-18 09:00,6.339639883645499
2025-09-18 10:00,4.801459611734165
2025-09-18 11:00,3.2354522674231188
2025-09-18 12:00,1.2335740076930422
2025-09-18 13:00,1.0105952742683113
2025-09-18 14:00,1.403535737436318
2025-09-18 15:00,1.7685957523008882
2025-09-18 16:00,1.5238640730203834
2025-09-18 17:00,1.1997549897793585
2025-09-18 18:00,1.043075053846715
2025-09-18 19:00,0.2095949724347624
2025-09-18 20:00,0.2196780179110468
2025-09-18 21:00,0.1376551226483144
2025-09-18 22:00,0.5606346478943869
2025-09-18 23:00,0.11804184107243451
2025-09-19 00:00,1.212939230087895
2025-09-19 01:00,1.5427076645689053
2025-09-19 02:00,2.1189502279324715
2025-09-19 03:00,4.650877817929395
2025-09-19 04:00,4.4276759512433435
2025-09-19 05:00,4.332931513742048
2025-09-19 06:00,3.985280245633453
2025-09-19 07:00,3.0722865374031962
2025-09-19 08:00,4.163616025592158
2025-09-19 09:00,4.216795656230894
2025-09-19 10:00,8.178816255377388
2025-09-19 11:00,8.276671558229415
2025-09-19 12:00,8.717170763197766
2025-09-19 13:00,10.870368100134375
2025-09-19 14:00,12.047746300910633
2025-09-19 15:00,13.300729875680098
2025-09-19 16:00,21.327594396595334
2025-09-19 17:00,21.791568732650116
2025-09-19 18:00,18.365158602610528
2025-09-19 19:00,16.652017646977505
2025-09-19 20:00,13.750249272338866
2025-09-19 21:00,28.307566311763825
2025-09-19 22:00,31.187975881800053
2025-09-19 23:00,37.28649521813953
2025-09-20 00:00,47.582459927618736
2025-09-20 01:00,49.571148249712785
2025-09-20 02:00,53.54414575331823
2025-09-20 03:00,53.45704921549417
2025-09-20 04:00,50.74608315224834
2025-09-20 05:00,43.51894039444449
2025-09-20 06:00,39.04262337291394
2025-09-20 07:00,39.68153422410755
2025-09-20 08:00,35.60350698048687
2025-09-20 09:00,16.60880365235899
2025-09-20 10:00,15.07928638519806
2025-09-20 11:00,13.248993962559293
2025-09-20 12:00,19.644513034285005
2025-09-20 13:00,27.70999741623659
2025-09-20 14:00,35.18973533529132
2025-09-20 15:00,33.98274394084918
2025-09-20 16:00,34.10824450977499
2025-09-20 17:00,35.93889888510322
2025-09-20 18:00,34.27141218977143
2025-09-20 19:00,30.801890892886934
2025-09-20 20:00,31.946939937217955
2025-09-20 21:00,17.715344568208195
2025-09-20 22:00,14.099707867178982
2025-09-20 23:00,7.771793658082914
2025-09-21 00:00,5.789252500884112
2025-09-21 01:00,3.1154065681355476
2025-09-21 02:00,1.9677511418712539
2025-09-21 03:00,2.951022925529105
2025-09-21 04:00,4.06806479079753
2025-09-21 05:00,5.5686948634235955
2025-09-21 06:00,7.934364293599104
2025-09-21 07:00,12.662592334717203
2025-09-21 08:00,12.09337001609052
2025-09-21 09:00,11.720221009615942
2025-09-21 10:00,11.680412111205973
2025-09-21 11:00,13.454868260785172
2025-09-21 12:00,15.269404958239265
2025-09-21 13:00,16.539065564579733
2025-09-21 14:00,16.681629745177627
2025-09-21 15:00,18.029881642095177
2025-09-21 16:00,21.58679477031341
2025-09-21 17:00,27.965031475512724
2025-09-21 18:00,24.972512980564467
2025-09-21 19:00,23.801170491275236
2025-09-21 20:00,19.46504299254222
2025-09-21 21:00,9.986037065682217
2025-09-21 22:00,7.60168126658332
2025-09-21 23:00,6.859318842408352
2025-09-22 00:00,6.488296743480406
2025-09-22 01:00,5.216037260242282
2025-09-22 02:00,6.218491328001931
2025-09-22 03:00,6.585658776794528
2025-09-22 04:00,6.373723392392068
2025-09-22 05:00,7.203761625129307
2025-09-22 06:00,5.34562122369268
2025-09-22 07:00,4.431818904378601
2025-09-22 08:00,4.768443842155425
2025-09-22 09:00,4.9424476338439955
2025-09-22 10:00,4.059390535517687
2025-09-22 11:00,2.4197622837062815
2025-09-22 12:00,1.5477244746895549
2025-09-22 13:00,0.16930405545128704
2025-09-22 14:00,0.12840922074003047
2025-09-22 15:00,1.3791241845003803
2025-09-22 16:00,3.3268727170942243
2025-09-22 17:00,1.6503987509925269
2025-09-22 18:00,2.2977041877841615
2025-09-22 19:00,2.6582234464600405
2025-09-22 20:00,5.337325581501699
2025-09-22 21:00,4.627588394745109
2025-09-22 22:00,3.2605363538387726
2025-09-22 23:00,4.747871791359715
2025-09-23 00:00,5.723733914282615
2025-09-23 01:00,5.250453087792454
2025-09-23 02:00,5.41157625048669
2025-09-23 03:00,5.244623292639674
2025-09-23 04:00,4.865903640808929
2025-09-23 05:00,5.775200094284565
2025-09-23 06:00,5.398857007912238
2025-09-23 07:00,3.637874693078097
2025-09-23 08:00,3.2165410924881415
2025-09-23 09:00,2.6868346068135627
2025-09-23 10:00,2.656117661470909
2025-09-23 11:00,2.337925411047726
2025-09-23 12:00,2.6953653670615907
2025-09-23 13:00,2.142124536156785
2025-09-23 14:00,2.8397847511669294
2025-09-23 15:00,4.3480375962217535
2025-09-23 16:00,4.618536947154265
2025-09-23 17:00,4.095418623009364
2025-09-23 18:00,4.227660695173508
2025-09-23 19:00,5.1494795678810075
2025-09-23 20:00,4.496425324587254
2025-09-23 21:00,4.889138894464769
2025-09-23 22:00,4.763646894191158
2025-09-23 23:00,4.7888135825109295
2025-09-24 00:00,3.6171000211660815
2025-09-24 01:00,3.9470209357296753
2025-09-24 02:00,4.8347946826699575
2025-09-24 03:00,4.453484601073416
2025-09-24 04:00,4.398212940840573
2025-09-24 05:00,6.148828993647757
2025-09-24 06:00,10.315996209955639
2025-09-24 07:00,10.785816448170584
2025-09-24 08:00,25.025147103080204
2025-09-24 09:00,32.66996933622735
2025-09-24 10:00,34.98372116032101
2025-09-24 11:00,37.53748913546492
2025-09-24 12:00,36.838683262301714
2025-09-24 13:00,35.91344128981608
2025-09-24 14:00,32.71255390562413
2025-09-24 15:00,32.09327184174917
2025-09-24 16:00,23.34828084152681
2025-09-24 17:00,19.44657071392632
2025-09-24 18:00,12.648963832349263
2025-09-24 19:00,19.770465994331225
2025-09-24 20:00,19.026636700566065
2025-09-24 21:00,14.501513972841519
2025-09-24 22:00,6.336026382227612
2025-09-24 23:00,4.828361350639194
2025-09-25 00:00,6.742432497768596
2025-09-25 01:00,4.0511371700822405
2025-09-25 02:00,5.52087332928653
2025-09-25 03:00,5.4350776224643225
2025-09-25 04:00,7.500103122667056
2025-09-25 05:00,13.901052985120803
2025-09-25 06:00,14.52023718128319
2025-09-25 07:00,20.024079885040887
2025-09-25 08:00,19.468242459316677
2025-09-25 09:00,15.399423034256031
2025-09-25 10:00,17.246283964663636
2025-09-25 11:00,7.354357147197464
2025-09-25 12:00,4.274176878546933
2025-09-25 13:00,1.6579245400089486
2025-09-25 14:00,3.025309682662623
2025-09-25 15:00,1.8819002558568563
2025-09-25 16:00,1.7552216332645498
2025-09-25 17:00,1.7264246985150837
2025-09-25 18:00,1.0232851681138468
2025-09-25 19:00,2.9664052354516777
2025-09-25 20:00,3.270932483437039
2025-09-25 21:00,3.6819464536704505
2025-09-25 22:00,2.8556028539607303
2025-09-25 23:00,2.9295611033215563
2025-09-26 00:00,6.638856115432171
2025-09-26 01:00,4.470649173060893
2025-09-26 02:00,7.68352923242615
2025-09-26 03:00,7.602881761033605
2025-09-26 04:00,11.073798622935941
2025-09-26 05:00,12.109912253218178
2025-09-26 06:00,16.040450157605864
2025-09-26 07:00,14.522123002601692
2025-09-26 08:00,12.347929209708267
2025-09-26 09:00,10.612489227001976
2025-09-26 10:00,8.672136563776744
2025-09-26 11:00,7.72460081625745
2025-09-26 12:00,7.480933014557111
2025-09-26 13:00,4.46173493275202
2025-09-26 14:00,7.335055515190264
2025-09-26 15:00,9.43335773650623
2025-09-26 16:00,11.353090595951333
2025-09-26 17:00,10.305943922853402
2025-09-26 18:00,10.11267353109824
2025-09-26 19:00,9.681234477876359
2025-09-26 20:00,9.890994690002854
2025-09-26 21:00,8.96806780233058
2025-09-26 22:00,5.049849693654838
2025-09-26 23:00,2.8838636474129706
2025-09-27 00:00,3.962877867520738
2025-09-27 01:00,2.7105701717035653
2025-09-27 02:00,0.87186221235685
2025-09-27 03:00,1.934247137197217
2025-09-27 04:00,2.0871509360552225
2025-09-27 05:00,1.5056010394677846
2025-09-27 06:00,1.0453759442513164
2025-09-27 07:00,0.8532416414897633
2025-09-27 08:00,0.5431482110848781
2025-09-27 09:00,0.32718011212764503
2025-09-27 10:00,1.5016536910041263
2025-09-27 11:00,0.5214481905225797
2025-09-27 12:00,1.0177573874191506
2025-09-27 13:00,1.2653916758620323
2025-09-27 14:00,4.98270375957038
2025-09-27 15:00,4.937157752640634
2025-09-27 16:00,5.043084263360906
2025-09-27 17:00,4.460597596810945
2025-09-27 18:00,1.4354868008991728
2025-09-27 19:00,0.6329176462147075
2025-09-27 20:00,0.8218181925560807
2025-09-27 21:00,0.716942109546964
2025-09-27 22:00,0.6109364512204744
2025-09-27 23:00,0.5971409520616431
2025-09-28 00:00,0.8610080419466073
2025-09-28 01:00,1.3126484426653644
2025-09-28 02:00,1.5532924263849772
2025-09-28 03:00,3.4814539450432043
2025-09-28 04:00,5.121334058150134
2025-09-28 05:00,11.45380732499719
2025-09-28 06:00,16.174551008450134
2025-09-28 07:00,21.864802527860164
2025-09-28 08:00,24.504105806949838
2025-09-28 09:00,26.9110797863809
2025-09-28 10:00,25.548586513058016
2025-09-28 11:00,26.768715639880472
2025-09-28 12:00,27.549012185595416
2025-09-28 13:00,18.829725529342177
2025-09-28 14:00,17.134376469926956
2025-09-28 15:00,14.118666642456171
2025-09-28 16:00,9.275985032442692
2025-09-28 17:00,12.038302194041158
2025-09-28 18:00,10.79315170731795
2025-09-28 19:00,11.231541219684742
2025-09-28 20:00,12.677293312548068
2025-09-28 21:00,11.07987531461812
2025-09-28 22:00,9.396033493104667
2025-09-28 23:00,8.293421382781942
2025-09-29 00:00,10.000936399482251
2025-09-29 01:00,10.085074937648391
2025-09-29 02:00,9.84668045625518
2025-09-29 03:00,9.457243039280698
2025-09-29 04:00,8.787728336212515
2025-09-29 05:00,7.663665797466872
2025-09-29 06:00,7.3230503980133035
2025-09-29 07:00,7.2212669471482
2025-09-29 08:00,6.763931896071796
2025-09-29 09:00,3.9153893084179594
2025-09-29 10:00,2.306357457557584
2025-09-29 11:00,2.0248795702695883
2025-09-29 12:00,2.5201163322431657
2025-09-29 13:00,1.929314654102346
2025-09-29 14:00,1.6430824510896265
2025-09-29 15:00,3.4224043844053837
2025-09-29 16:00,2.5687983977047755
2025-09-29 17:00,3.05333459219287
2025-09-29 18:00,2.9773585350734715
2025-09-29 19:00,3.081001033522862
2025-09-29 20:00,2.125448682611051
2025-09-29 21:00,1.4907442400042048
2025-09-29 22:00,1.5576467895935757
2025-09-29 23:00,1.4275353130709747
2025-09-30 00:00,1.285334839098954
2025-09-30 01:00,0.7831131492589065
2025-09-30 02:00,1.115569347018348
2025-09-30 03:00,1.0227327356271212
2025-09-30 04:00,1.2579794988882338
2025-09-30 05:00,0.24122913818987937
2025-09-30 06:00,0.4866192129839242
2025-09-30 07:00,0.521875767440556
2025-09-30 08:00,0.2738995512537248
2025-09-30 09:00,0.3357995550461968
2025-09-30 10:00,0.13568317402057206
2025-09-30 11:00,0.6363206764211448
2025-09-30 12:00,0.5336051264937361
2025-09-30 13:00,0.8110243734180106
2025-09-30 14:00,2.6359728123984296
2025-09-30 15:00,4.45248649730195
2025-09-30 16:00,5.10396758930511
2025-09-30 17:00,4.765061131304269
2025-09-30 18:00,4.745609429739206
2025-09-30 19:00,4.799998386322511
2025-09-30 20:00,3.9068298597281106
2025-09-30 21:00,2.603832060040735
2025-09-30 22:00,1.7460365534853033
2025-09-30 23:00,1.4856227804160518
2025-10-01 00:00,2.095489716386038
2025-10-01 01:00,0.7682267637189005
2025-10-01 02:00,0.6537358062296914
2025-10-01 03:00,1.020716400573317
2025-10-01 04:00,0.8953569826696481
2025-10-01 05:00,2.175201247107055
2025-10-01 06:00,1.3995703816278484
2025-10-01 07:00,0.5062952459812853
2025-10-01 08:00,0.31866034220667794
2025-10-01 09:00,0.75431937102706
2025-10-01 10:00,0.5311908844437907
2025-10-01 11:00,0.690658463825707
2025-10-01 12:00,0.9426873666697321
2025-10-01 13:00,1.794165526339703
2025-10-01 14:00,2.6026852012247055
2025-10-01 15:00,5.532862939434415
2025-10-01 16:00,5.676398525758973
2025-10-01 17:00,6.6744954589085665
2025-10-01 18:00,7.061864190158258
2025-10-01 19:00,5.296310900251847
2025-10-01 20:00,5.062349801322868
2025-10-01 21:00,4.338216513275509
2025-10-01 22:00,2.790588777825737
2025-10-01 23:00,1.4831773925102487
2025-10-02 00:00,2.2396264879332666
2025-10-02 01:00,1.5271031110349405
2025-10-02 02:00,2.029466905840148
2025-10-02 03:00,1.7715759391466386
2025-10-02 04:00,2.1188664703072
2025-10-02 05:00,1.6738739189223308
2025-10-02 06:00,0.5160566270296855
2025-10-02 07:00,0.8526772614823476
2025-10-02 08:00,0.6262379513286926
2025-10-02 09:00,0.37817468955407113
2025-10-02 10:00,0.45195185509072683
2025-10-02 11:00,0.24104092790304035
2025-10-02 12:00,0.27710622744432045
2025-10-02 13:00,0.027749209350352588
2025-10-02 14:00,0.8031014061618295
2025-10-02 15:00,0.13721949241741108
2025-10-02 16:00,0.3442720273349734
2025-10-02 17:00,0.702754598421568
2025-10-02 18:00,1.1363710265213394
2025-10-02 19:00,0.8441258153994398
2025-10-02 20:00,0.8478322568671719
2025-10-02 21:00,0.7907378063017295
2025-10-02 22:00,1.0568049661350498
2025-10-02 23:00,2.595622492509469
2025-10-03 00:00,3.4626649184446787
2025-10-03 01:00,5.33262504979431
2025-10-03 02:00,9.870678551778761
2025-10-03 03:00,12.174649108629689
2025-10-03 04:00,14.888007520009685
2025-10-03 05:00,16.319940566419987
2025-10-03 06:00,18.572349463083444
2025-10-03 07:00,29.211893096058056
2025-10-03 08:00,27.872585571445423
2025-10-03 09:00,32.05597843417894
2025-10-03 10:00,32.7695556357336
2025-10-03 11:00,27.086124467462565
2025-10-03 12:00,25.400851572301328
2025-10-03 13:00,26.715187384476305
2025-10-03 14:00,26.936620024113093
2025-10-03 15:00,26.53558077848218
2025-10-03 16:00,30.32976564889929
2025-10-03 17:00,39.05293138137262
2025-10-03 18:00,45.015143768222245
2025-10-03 19:00,44.06410513249085
2025-10-03 20:00,45.15724885384278
2025-10-03 21:00,40.32967307554193
2025-10-03 22:00,38.16068491267072
2025-10-03 23:00,33.99289627631585
2025-10-04 00:00,19.450757649970605
2025-10-04 01:00,13.50652728572886
2025-10-04 02:00,14.227018974457126
2025-10-04 03:00,9.359563399817407
2025-10-04 04:00,7.359241738739563
2025-10-04 05:00,8.33194472636788
2025-10-04 06:00,7.5836785501630475
2025-10-04 07:00,6.94703909824313
2025-10-04 08:00,6.265402516989055
2025-10-04 09:00,6.139859046858301
2025-10-04 10:00,6.664062807009253
2025-10-04 11:00,5.270389851309791
2025-10-04 12:00,5.17416352157572
2025-10-04 13:00,6.665569305530728
2025-10-04 14:00,6.6693516712954395
2025-10-04 15:00,6.176951435183164
2025-10-04 16:00,5.813186454543051
2025-10-04 17:00,4.129158618138058
2025-10-04 18:00,3.289038165448402
2025-10-04 19:00,2.1889764852658926
2025-10-04 20:00,2.1166743232153236
2025-10-04 21:00,2.2648011272235165
2025-10-04 22:00,0.9836456419034014
2025-10-04 23:00,3.227317993487425
2025-10-05 00:00,2.7538590722620144
2025-10-05 01:00,1.7974408284358796
2025-10-05 02:00,2.1466571494541924
2025-10-05 03:00,1.0869953361739146
2025-10-05 04:00,2.2420564723216003
2025-10-05 05:00,1.9800903605960285
2025-10-05 06:00,2.275866665793325
2025-10-05 07:00,1.6570017170688032
2025-10-05 08:00,1.4228254023150106
2025-10-05 09:00,0.5131739034343512
2025-10-05 10:00,0.9143238422663448
2025-10-05 11:00,1.002627395551251
2025-10-05 12:00,0.7634847278163484
2025-10-05 13:00,1.4109940052839953
2025-10-05 14:00,0.9669840353039391
2025-10-05 15:00,1.1876422536105251
2025-10-05 16:00,0.5590209661657036
2025-10-05 17:00,0.9387939462345503
2025-10-05 18:00,0.7916122578332879
2025-10-05 19:00,0.6832135732649859
2025-10-05 20:00,0.9436393442135023
2025-10-05 21:00,1.7075829257688224
2025-10-05 22:00,1.2287651502161232
2025-10-05 23:00,1.9136583192808316
2025-10-06 00:00,1.2580778262739005
2025-10-06 01:00,0.9684913668670032
2025-10-06 02:00,0.9365763055805365
2025-10-06 03:00,1.2369525922688374
2025-10-06 04:00,1.2396112871338008
2025-10-06 05:00,2.6548036739202643
2025-10-06 06:00,3.0999602873599503
2025-10-06 07:00,7.625196437794097
2025-10-06 08:00,8.177132501804971
2025-10-06 09:00,9.404432185513556
2025-10-06 10:00,11.184489016380315
2025-10-06 11:00,12.109906251713507
2025-10-06 12:00,11.526985022860597
2025-10-06 13:00,9.936259710244691
2025-10-06 14:00,10.964556299445077
2025-10-06 15:00,19.88909555755379
2025-10-06 16:00,19.978093057731314
2025-10-06 17:00,22.837054709098556
2025-10-06 18:00,33.53670736751585
2025-10-06 19:00,40.69565403738178
2025-10-06 20:00,39.43756086129771
2025-10-06 21:00,42.64118210813791
2025-10-06 22:00,43.058667189833244
2025-10-06 23:00,42.70376226106373
2025-10-07 00:00,43.28215917376545
2025-10-07 01:00,44.350019726591846
2025-10-07 02:00,42.98501841910368
2025-10-07 03:00,45.67502756083236
2025-10-07 04:00,41.99985235681385
2025-10-07 05:00,40.404046965363754
2025-10-07 06:00,41.338680623678705
2025-10-07 07:00,32.083670958789035
2025-10-07 08:00,31.015669185102617
2025-10-07 09:00,15.809977920048059
2025-10-07 10:00,13.380642411253428
2025-10-07 11:00,14.073337348838358
2025-10-07 12:00,10.173860208900493
2025-10-07 13:00,11.363527276449174
2025-10-07 14:00,10.278226569764778
2025-10-07 15:00,12.756072444744417
2025-10-07 16:00,8.460986632319734
2025-10-07 17:00,8.028592220755941
2025-10-07 18:00,4.778888076123625
2025-10-07 19:00,7.2331032675590246
2025-10-07 20:00,5.247055168214133
2025-10-07 21:00,4.907669436529424
2025-10-07 22:00,5.851881193313691
2025-10-07 23:00,6.533017482650217
2025-10-08 00:00,2.22840088744397
2025-10-08 01:00,2.4699817929464953
2025-10-08 02:00,3.6078638067448066
2025-10-08 03:00,7.8638666967315585
2025-10-08 04:00,9.961596060644169
2025-10-08 05:00,10.293286044137389
2025-10-08 06:00,10.678686543550112
2025-10-08 07:00,13.253000725268047
2025-10-08 08:00,15.33262669987931
2025-10-08 09:00,14.56813572116822
2025-10-08 10:00,14.822137009615034
2025-10-08 11:00,12.690829121575035
2025-10-08 12:00,15.059252002949114
2025-10-08 13:00,15.658489432804027
2025-10-08 14:00,18.736451917650463
2025-10-08 15:00,21.338573742261726
2025-10-08 16:00,19.64002232089355
2025-10-08 17:00,17.736165297417788
2025-10-08 18:00,11.77259932170868
2025-10-08 19:00,10.183822598683
2025-10-08 20:00,6.203883533235028
2025-10-08 21:00,3.7760856745711173
2025-10-08 22:00,1.473604730431122
2025-10-08 23:00,2.2612363453439293
2025-10-09 00:00,0.9245296958426054
2025-10-09 01:00,0.7781387812919197
2025-10-09 02:00,1.3696476212538797
2025-10-09 03:00,1.2330896750866913
2025-10-09 04:00,1.1689665002028438
2025-10-09 05:00,1.9223140009613011
2025-10-09 06:00,3.1491584787747247
2025-10-09 07:00,3.348995933300182
2025-10-09 08:00,5.7022555752771815
2025-10-09 09:00,6.0758976845205925
2025-10-09 10:00,4.306368536715093
2025-10-09 11:00,2.706484340040065
2025-10-09 12:00,1.7689781443102304
2025-10-09 13:00,1.6031418227999474
2025-10-09 14:00,0.19932044543192928
2025-10-09 15:00,0.3706537367813609
2025-10-09 16:00,0.7203337655533585
2025-10-09 17:00,1.751366652666873
2025-10-09 18:00,2.1722611463975916
2025-10-09 19:00,5.8153559659024765
2025-10-09 20:00,8.848003147848384
2025-10-09 21:00,6.18160328125762
2025-10-09 22:00,7.191528875077708
2025-10-09 23:00,7.378977834666462
2025-10-10 00:00,6.638832973342829
2025-10-10 01:00,4.871342137208704
2025-10-10 02:00,4.959829120133702
2025-10-10 03:00,5.3028632106080735
2025-10-10 04:00,5.781353826104662
2025-10-10 05:00,4.632614685034497
2025-10-10 06:00,4.426742458845306
2025-10-10 07:00,2.6588285555089626
2025-10-10 08:00,1.458003132712676
2025-10-10 09:00,1.6114298005021344
2025-10-10 10:00,0.5040611742914611
2025-10-10 11:00,0.3715206415926625
2025-10-10 12:00,0.43639131099895245
2025-10-10 13:00,0.6141195598331526
2025-10-10 14:00,0.4699502881085869
2025-10-10 15:00,0.0032639760667625647
2025-10-10 16:00,0.0
2025-10-10 17:00,0.0
2025-10-10 18:00,0.18099057007247293
2025-10-10 19:00,0.24428056503026835
2025-10-10 20:00,0.19372705808951074
2025-10-10 21:00,0.834397572475919
2025-10-10 22:00,1.1540519294217795
2025-10-10 23:00,1.8262199096952785
2025-10-11 00:00,2.631259318661462
2025-10-11 01:00,1.3484610752859227
2025-10-11 02:00,1.9341231373466643
2025-10-11 03:00,2.278235406359909
2025-10-11 04:00,1.4645676591122632
2025-10-11 05:00,1.5674321634965604
2025-10-11 06:00,1.0185411714693644
2025-10-11 07:00,0.9857184319998865
2025-10-11 08:00,2.283086689057931
2025-10-11 09:00,5.046070967049975
2025-10-11 10:00,4.39944821481677
2025-10-11 11:00,4.7929713518469645
2025-10-11 12:00,5.226856807705015
2025-10-11 13:00,5.8709103742880515
2025-10-11 14:00,5.0671002097131534
2025-10-11 15:00,5.132980936540873
2025-10-11 16:00,3.096774854438731
2025-10-11 17:00,2.677943376941742
2025-10-11 18:00,2.6544962787820685
2025-10-11 19:00,2.633521022629609
2025-10-11 20:00,3.1832231784256195
2025-10-11 21:00,3.5255173134786895
2025-10-11 22:00,5.323361598198133
2025-10-11 23:00,6.188174742841958
2025-10-12 00:00,6.444998157607443
2025-10-12 01:00,4.977773065700503
2025-10-12 02:00,3.019633947289157
2025-10-12 03:00,3.584056209526302
2025-10-12 04:00,5.981657813304605
2025-10-12 05:00,7.424080033011674
2025-10-12 06:00,9.238399400081528
2025-10-12 07:00,8.879448008768387
2025-10-12 08:00,8.740883163934344
2025-10-12 09:00,9.128853419575917
2025-10-12 10:00,7.251514076954691
2025-10-12 11:00,3.1641051940910065
2025-10-12 12:00,3.107441924254053
2025-10-12 13:00,2.8609699917121905
2025-10-12 14:00,3.0808961962437644
2025-10-12 15:00,2.5854028741069106
2025-10-12 16:00,3.3172712949548937
2025-10-12 17:00,3.2744357575054
2025-10-12 18:00,2.208741644700702
2025-10-12 19:00,1.2068292415058595
2025-10-12 20:00,1.0758600256410351
2025-10-12 21:00,1.088067886779798
2025-10-12 22:00,0.8978838085901952
2025-10-12 23:00,0.806770290153228
2025-10-13 00:00,1.2556728622002156
2025-10-13 01:00,2.3896448526088716
2025-10-13 02:00,0.9381032832338352
2025-10-13 03:00,1.0224737289463093
2025-10-13 04:00,0.8858695961918086
2025-10-13 05:00,1.7624039248651704
2025-10-13 06:00,2.8962295656945347
2025-10-13 07:00,4.556842355471769
2025-10-13 08:00,4.871300182893331
2025-10-13 09:00,3.729692731103257
2025-10-13 10:00,10.373059446462523
2025-10-13 11:00,15.027405270175466
2025-10-13 12:00,23.115859138944668
2025-10-13 13:00,30.857716909571415
2025-10-13 14:00,32.13769285651963
2025-10-13 15:00,36.365830815411435
2025-10-13 16:00,40.61112970355693
2025-10-13 17:00,34.637467844590205
2025-10-13 18:00,23.889066383634812
2025-10-13 19:00,21.21898251936283
2025-10-13 20:00,10.409137225675277
2025-10-13 21:00,5.98487088997237
2025-10-13 22:00,9.61515308575856
2025-10-13 23:00,6.790567754409976
2025-10-14 00:00,8.106349744032592
2025-10-14 01:00,6.79313722153084
2025-10-14 02:00,6.674740335923382
2025-10-14 03:00,7.008744010714293
2025-10-14 04:00,11.467110800238675
2025-10-14 05:00,10.865918958451218
2025-10-14 06:00,10.008914323102509
2025-10-14 07:00,11.40417808984878
2025-10-14 08:00,7.966033691817937
2025-10-14 09:00,6.304833678010951
2025-10-14 10:00,5.236207451367385
2025-10-14 11:00,4.426746703164127
2025-10-14 12:00,4.295993018919964
2025-10-14 13:00,3.672829730299913
2025-10-14 14:00,1.2474233618735198
2025-10-14 15:00,0.40183379794872404
2025-10-14 16:00,0.6867839610310769
2025-10-14 17:00,0.7375023132538955
2025-10-14 18:00,0.8734373202893253
2025-10-14 19:00,0.34067079215017787
2025-10-14 20:00,0.19751089125108617
2025-10-14 21:00,0.6831163065549459
2025-10-14 22:00,0.9131858781700172
2025-10-14 23:00,1.0748479843260559
2025-10-15 00:00,0.8431333654740494
2025-10-15 01:00,1.1481509257699423
2025-10-15 02:00,1.2816011918089383
2025-10-15 03:00,1.3951724108898251
2025-10-15 04:00,1.9990110612362952
2025-10-15 05:00,2.6205838679751836
2025-10-15 06:00,3.4382240234918235
2025-10-15 07:00,3.630084716750334
2025-10-15 08:00,3.1043794215768807
2025-10-15 09:00,1.3880605553344274
2025-10-15 10:00,0.527993165012326
2025-10-15 11:00,0.35405488223859344
2025-10-15 12:00,0.5214776177634599
2025-10-15 13:00,0.17157879225997025
2025-10-15 14:00,0.46799131480378864
2025-10-15 15:00,1.3353504921201622
2025-10-15 16:00,3.0325399289886703
2025-10-15 17:00,5.109452803496266
2025-10-15 18:00,5.236852213625712
2025-10-15 19:00,14.133049994520078
2025-10-15 20:00,20.589897342188436
2025-10-15 21:00,22.55204576074565
2025-10-15 22:00,24.816130721406513
2025-10-15 23:00,26.2473305357804
2025-10-16 00:00,32.63943729703679
2025-10-16 01:00,43.31606282685472
2025-10-16 02:00,43.806221104863724
2025-10-16 03:00,43.83508530249163
2025-10-16 04:00,42.712968321641384
2025-10-16 05:00,40.37957580981643
2025-10-16 06:00,39.9838918744358
2025-10-16 07:00,33.251437772940726
2025-10-16 08:00,18.988405149175165
2025-10-16 09:00,15.023710998777535
2025-10-16 10:00,13.344192663364682
2025-10-16 11:00,11.057721057351317
2025-10-16 12:00,11.599380065758394
2025-10-16 13:00,16.173609392297365
2025-10-16 14:00,17.548671741732054
2025-10-16 15:00,19.646401535938004
2025-10-16 16:00,17.983978058644716
2025-10-16 17:00,22.00253729588525
2025-10-16 18:00,22.471664093065474
2025-10-16 19:00,20.0022742984522
2025-10-16 20:00,14.21579153733635
2025-10-16 21:00,9.429235515796094
2025-10-16 22:00,7.391679450278618
2025-10-16 23:00,6.789797892506687
2025-10-17 00:00,6.070109910058084
2025-10-17 01:00,5.882141470312542
2025-10-17 02:00,5.406581144821515
2025-10-17 03:00,4.946725402918841
2025-10-17 04:00,5.126303989603134
2025-10-17 05:00,4.9245633509980635
2025-10-17 06:00,4.48871133006077
2025-10-17 07:00,5.9408455015741
2025-10-17 08:00,5.176837048201179
2025-10-17 09:00,4.524299432387423
2025-10-17 10:00,3.391704341693493
2025-10-17 11:00,3.099719922019968
2025-10-17 12:00,5.44617645637185
2025-10-17 13:00,5.992802214044571
2025-10-17 14:00,5.0083350541903116
2025-10-17 15:00,5.467237715914791
2025-10-17 16:00,11.110145030051978
2025-10-17 17:00,11.089469199606711
2025-10-17 18:00,13.24907808237705
2025-10-17 19:00,16.207689655069952
2025-10-17 20:00,17.113924225681515
2025-10-17 21:00,15.298576404279363
2025-10-17 22:00,20.961246078639995
2025-10-17 23:00,22.802611056507338
2025-10-18 00:00,29.1301619950365
2025-10-18 01:00,35.63470794944754
2025-10-18 02:00,31.96008270748515
2025-10-18 03:00,31.53234144733887
2025-10-18 04:00,30.89420601942988
2025-10-18 05:00,31.504087856486134
2025-10-18 06:00,29.01153142727031
2025-10-18 07:00,27.501808759161467
2025-10-18 08:00,28.076792782069166
2025-10-18 09:00,35.809118259241004
2025-10-18 10:00,37.515099918670565
2025-10-18 11:00,43.38821179850932
2025-10-18 12:00,47.00936788130788
2025-10-18 13:00,48.56672342108147
2025-10-18 14:00,47.61172448159059
2025-10-18 15:00,48.303630175384754
2025-10-18 16:00,43.761014503286816
2025-10-18 17:00,43.46707818558371
2025-10-18 18:00,27.288159235142235
2025-10-18 19:00,24.133311110509446
2025-10-18 20:00,25.03548659479643
2025-10-18 21:00,18.62519022739723
2025-10-18 22:00,9.803452566579221
2025-10-18 23:00,6.973178351292701
2025-10-19 00:00,4.469591071738573
2025-10-19 01:00,3.2959584627459213
2025-10-19 02:00,2.966352538468764
2025-10-19 03:00,3.188765989558166
2025-10-19 04:00,3.31654100653478
2025-10-19 05:00,2.9359368663320704
2025-10-19 06:00,1.8041514870372364
2025-10-19 07:00,2.269164507619756
2025-10-19 08:00,0.9099304431073462
2025-10-19 09:00,0.0
2025-10-19 10:00,0.0
2025-10-19 11:00,0.8135538748449131
2025-10-19 12:00,4.270540188202745
2025-10-19 13:00,7.74522726814574
2025-10-19 14:00,13.070036725908162
2025-10-19 15:00,23.326012898975904
2025-10-19 16:00,33.38874514899907
2025-10-19 17:00,39.61467084382929
2025-10-19 18:00,44.22794581279884
2025-10-19 19:00,47.67907757631377
2025-10-19 20:00,50.86402436123938
2025-10-19 21:00,51.646306490511805
2025-10-19 22:00,53.28473974969481
2025-10-19 23:00,52.80906610117726
2025-10-20 00:00,52.74172734650655
2025-10-20 01:00,53.171432700629275
2025-10-20 02:00,53.905558890055566
2025-10-20 03:00,53.67461991372529
2025-10-20 04:00,51.979891237061075
2025-10-20 05:00,49.46859679101291
2025-10-20 06:00,49.20649293078378
2025-10-20 07:00,46.188706167237044
2025-10-20 08:00,45.52654900702833
2025-10-20 09:00,48.38927300204523
2025-10-20 10:00,44.04965724831152
2025-10-20 11:00,43.92875813987764
2025-10-20 12:00,46.924849892174876
2025-10-20 13:00,46.29109015207097
2025-10-20 14:00,46.84176425789302
2025-10-20 15:00,48.48380063572521
2025-10-20 16:00,51.44931381645361
2025-10-20 17:00,49.68792135154352
2025-10-20 18:00,48.89588582694116
2025-10-20 19:00,50.062567902973825
2025-10-20 20:00,47.29264952134555
2025-10-20 21:00,37.230168856481946
2025-10-20 22:00,34.905007064764604
2025-10-20 23:00,33.701433341691
2025-10-21 00:00,34.41506563510354
2025-10-21 01:00,34.73601805269514
2025-10-21 02:00,31.45363435964685
2025-10-21 03:00,31.386512575255605
2025-10-21 04:00,30.338923666128213
2025-10-21 05:00,29.4377260969691
2025-10-21 06:00,26.24360282234213
2025-10-21 07:00,24.85967865265636
2025-10-21 08:00,25.30257955618259
2025-10-21 09:00,32.22436791788328
2025-10-21 10:00,30.584859424779832
2025-10-21 11:00,37.61994063395214
2025-10-21 12:00,40.56715071409715
2025-10-21 13:00,41.59039958080681
2025-10-21 14:00,44.207703200762666
2025-10-21 15:00,42.557502291838645
2025-10-21 16:00,46.951351642000446
2025-10-21 17:00,45.38165601082433
2025-10-21 18:00,44.89855725670135
2025-10-21 19:00,38.232297293191785
2025-10-21 20:00,38.99317607973531
2025-10-21 21:00,34.96636822121514
2025-10-21 22:00,33.43389627281525
2025-10-21 23:00,30.575670526195623
2025-10-22 00:00,31.592629219532267
2025-10-22 01:00,26.659907651182273
2025-10-22 02:00,25.571248736725234
2025-10-22 03:00,24.893881176718303
2025-10-22 04:00,25.06128913313462
2025-10-22 05:00,24.906382317666885
2025-10-22 06:00,24.513136104432732
2025-10-22 07:00,21.508305715496064
2025-10-22 08:00,19.88552181274133
2025-10-22 09:00,20.47364311346041
2025-10-22 10:00,19.346573969328176
2025-10-22 11:00,15.789349424578251
2025-10-22 12:00,15.9341712179814
2025-10-22 13:00,15.313029516555405
2025-10-22 14:00,14.325015094818378
2025-10-22 15:00,14.65697354252402
2025-10-22 16:00,14.331758506237263
2025-10-22 17:00,13.740609661182184
2025-10-22 18:00,14.18290267309271
2025-10-22 19:00,13.378064543300066
2025-10-22 20:00,11.580640263438939
2025-10-22 21:00,11.739579046833606
2025-10-22 22:00,11.413588456462387
2025-10-22 23:00,4.339520428224256
2025-10-23 00:00,5.152527792676732
2025-10-23 01:00,6.195893716716382
2025-10-23 02:00,7.814580251908619
2025-10-23 03:00,8.65639256787164
2025-10-23 04:00,6.110062184928122
2025-10-23 05:00,4.505958239330046
2025-10-23 06:00,4.196415855231519
2025-10-23 07:00,1.7332212084925729
2025-10-23 08:00,2.2973107013444474
2025-10-23 09:00,2.1979400626257504
2025-10-23 10:00,0.8603140647961036
2025-10-23 11:00,0.7069755795295714
2025-10-23 12:00,1.501599991217851
2025-10-23 13:00,3.6464570095921807
2025-10-23 14:00,5.095985405900425
2025-10-23 15:00,7.607972909848492
2025-10-23 16:00,9.280436694708296
2025-10-23 17:00,16.378760978540388
2025-10-23 18:00,16.901976910346374
2025-10-23 19:00,14.01759245667726
2025-10-23 20:00,13.177816988153285
2025-10-23 21:00,14.201019976248983
2025-10-23 22:00,13.970994041028119
2025-10-23 23:00,14.87217009164987
2025-10-24 00:00,10.70881862262725
2025-10-24 01:00,12.595755104045907
2025-10-24 02:00,11.550664579119504
2025-10-24 03:00,14.126965264123454
2025-10-24 04:00,13.425644568916928
2025-10-24 05:00,11.83485508530672
2025-10-24 06:00,8.293618391192476
2025-10-24 07:00,6.279507570176599
2025-10-24 08:00,6.944614616398176
2025-10-24 09:00,5.782102222743553
2025-10-24 10:00,4.623845987674078
2025-10-24 11:00,1.6723802525327274
2025-10-24 12:00,1.623395357726164
2025-10-24 13:00,6.203659286464193
2025-10-24 14:00,3.813255063771068
2025-10-24 15:00,10.945204545819557
2025-10-24 16:00,9.35396101853272
2025-10-24 17:00,11.730310550248342
2025-10-24 18:00,10.839615289039585
2025-10-24 19:00,9.225335912030722
2025-10-24 20:00,8.942083301849685
2025-10-24 21:00,7.907886950224405
2025-10-24 22:00,5.139818535620208
2025-10-24 23:00,2.9607371325497818
2025-10-25 00:00,2.074281290005178
2025-10-25 01:00,2.0589704580164288
2025-10-25 02:00,3.999114325209838
2025-10-25 03:00,5.755640940356362
2025-10-25 04:00,5.369298328419852
2025-10-25 05:00,4.412688793506156
2025-10-25 06:00,7.046112510125311
2025-10-25 07:00,8.121586341762047
2025-10-25 08:00,7.313196268087902
2025-10-25 09:00,13.336603780943785
2025-10-25 10:00,11.53880297549797
2025-10-25 11:00,10.624406214322455
2025-10-25 12:00,12.680461482735724
2025-10-25 13:00,14.785645508636572
2025-10-25 14:00,17.31495649733671
2025-10-25 15:00,21.242636394069855
2025-10-25 16:00,22.30529459268664
2025-10-25 17:00,28.297926216644765
2025-10-25 18:00,29.758838753030904
2025-10-25 19:00,26.444639777931307
2025-10-25 20:00,27.24252866162966
2025-10-25 21:00,22.250503192744905
2025-10-25 22:00,12.18994145867808
2025-10-25 23:00,10.543991415884802
2025-10-26 00:00,11.510236532295538
2025-10-26 01:00,13.753463259011994
2025-10-26 02:00,17.388362283782392
2025-10-26 03:00,14.695023083729048
2025-10-26 04:00,21.070888660710544
2025-10-26 05:00,15.294473827022452
2025-10-26 06:00,13.37917647322303
2025-10-26 07:00,11.052521143186752
2025-10-26 08:00,10.015052064013286
2025-10-26 09:00,11.47201871964933
2025-10-26 10:00,6.627865032516694
2025-10-26 11:00,8.932039650179323
2025-10-26 12:00,11.694046274187805
2025-10-26 13:00,18.655859876043156
2025-10-26 14:00,22.52137805206407
2025-10-26 15:00,27.792653687294287
2025-10-26 16:00,35.535858269213755
2025-10-26 17:00,30.94194402574527
2025-10-26 18:00,25.95185229088614
2025-10-26 19:00,23.57154887349506
2025-10-26 20:00,25.61710056020742
2025-10-26 21:00,26.70570384058621
2025-10-26 22:00,35.65674339039631
2025-10-26 23:00,43.1755326371125
2025-10-27 00:00,49.15672454822589
2025-10-27 01:00,56.52494556081153
2025-10-27 02:00,59.64310404124189
2025-10-27 03:00,59.40770098153528
2025-10-27 04:00,57.38667868419094
2025-10-27 05:00,56.6373253182491
2025-10-27 06:00,53.74421736457866
2025-10-27 07:00,51.29606328154209
2025-10-27 08:00,49.56276970816289
2025-10-27 09:00,43.031601781853944
2025-10-27 10:00,28.18307965018306
2025-10-27 11:00,27.037704589193766
2025-10-27 12:00,29.450107167728266
2025-10-27 13:00,31.573421145757127
2025-10-27 14:00,40.0492308356281
2025-10-27 15:00,42.602220855330316
2025-10-27 16:00,35.619069403070434
2025-10-27 17:00,41.902291236073204
2025-10-27 18:00,38.48752129666336
2025-10-27 19:00,34.085120605390806
2025-10-27 20:00,27.006531911978154
2025-10-27 21:00,21.17710088642164
2025-10-27 22:00,14.479803915632758
2025-10-27 23:00,13.602372203483151
2025-10-28 00:00,14.133095036711579
2025-10-28 01:00,10.810359565722113
2025-10-28 02:00,7.714786401702877
2025-10-28 03:00,8.56489559098159
2025-10-28 04:00,8.760447008714861
2025-10-28 05:00,15.394657935459291
2025-10-28 06:00,18.512039489589476
2025-10-28 07:00,17.699936367292356
2025-10-28 08:00,13.442170890187644
2025-10-28 09:00,11.853785703554554
2025-10-28 10:00,12.483242193937024
2025-10-28 11:00,12.876880862196385
2025-10-28 12:00,14.594515908407713
2025-10-28 13:00,12.219589118889182
2025-10-28 14:00,10.676718275319999
2025-10-28 15:00,7.903408757317514
2025-10-28 16:00,7.221954044913431
2025-10-28 17:00,6.200292074152291
2025-10-28 18:00,1.7891566853749217
2025-10-28 19:00,0.9902302877790496
2025-10-28 20:00,0.6844729441100712
2025-10-28 21:00,0.6089371088440697
2025-10-28 22:00,1.3712286156591482
2025-10-28 23:00,1.4947045150249008
2025-10-29 00:00,0.8202342501554208
2025-10-29 01:00,2.1415910270095595
2025-10-29 02:00,2.036490094758014
2025-10-29 03:00,5.732369261764026
2025-10-29 04:00,5.84750547921169
2025-10-29 05:00,2.7322739074538838
2025-10-29 06:00,1.8486408093932747
2025-10-29 07:00,2.304317312322542
2025-10-29 08:00,2.249034710218996
2025-10-29 09:00,1.6069126783731182
2025-10-29 10:00,0.5929656196770176
2025-10-29 11:00,0.0
2025-10-29 12:00,0.27002859219697983
2025-10-29 13:00,0.7309037348076576
2025-10-29 14:00,1.5663046771333473
2025-10-29 15:00,2.823340442851419
2025-10-29 16:00,2.505762731640405
2025-10-29 17:00,4.357509990554419
2025-10-29 18:00,4.91306666058562
2025-10-29 19:00,3.3200346446303337
2025-10-29 20:00,3.965448011153829
2025-10-29 21:00,1.5932631029050013
2025-10-29 22:00,1.481254098518673
2025-10-29 23:00,1.5952146586164322
2025-10-30 00:00,0.5209927302792804
2025-10-30 01:00,2.4242744760082497
2025-10-30 02:00,3.087277327409702
2025-10-30 03:00,5.248940604432377
2025-10-30 04:00,6.315651330151249
2025-10-30 05:00,4.49619618921713
2025-10-30 06:00,2.5868407228857566
2025-10-30 07:00,2.3094007214430063
2025-10-30 08:00,1.3532959726951521
2025-10-30 09:00,1.020303662004222
2025-10-30 10:00,0.4711530134208181
2025-10-30 11:00,0.017351340249348646
2025-10-30 12:00,0.0
2025-10-30 13:00,0.015471067085601647
2025-10-30 14:00,0.2633705127319244
2025-10-30 15:00,1.0236826834750035
2025-10-30 16:00,1.36748067150172
2025-10-30 17:00,1.8770830774842289
2025-10-30 18:00,2.4580096305561767
2025-10-30 19:00,2.4340570147633094
2025-10-30 20:00,4.369192869246183
2025-10-30 21:00,3.4641195104791622
2025-10-30 22:00,4.306552669035933
2025-10-30 23:00,4.514129723193028
2025-10-31 00:00,3.045713393323608
2025-10-31 01:00,3.408186111490587
2025-10-31 02:00,4.216043432244517
2025-10-31 03:00,3.3646399187166063
2025-10-31 04:00,7.183966509523056
2025-10-31 05:00,5.412307235676233
2025-10-31 06:00,5.078911918561037
2025-10-31 07:00,3.7142249792355715
2025-10-31 08:00,3.279171503497397
2025-10-31 09:00,2.826860445891018
2025-10-31 10:00,0.8221707426504072
2025-10-31 11:00,0.3025386842228074
2025-10-31 12:00,0.8673176570347821
2025-10-31 13:00,1.944452059520015
2025-10-31 14:00,2.326559414990152
2025-10-31 15:00,4.887157176181178
2025-10-31 16:00,3.871714746564558
2025-10-31 17:00,3.5035751139953777
2025-10-31 18:00,2.6516065272484113
2025-10-31 19:00,2.2544410604551595
2025-10-31 20:00,1.271158860643387
2025-10-31 21:00,1.0836215858141647
2025-10-31 22:00,2.317988348584353
2025-10-31 23:00,3.1884486152602936
2025-11-01 00:00,10.941180413914207
2025-11-01 01:00,9.3504115000355
2025-11-01 02:00,11.504352322279464
2025-11-01 03:00,11.465016309318864
2025-11-01 04:00,17.380100027763174
2025-11-01 05:00,24.968104271616262
2025-11-01 06:00,30.15697081985553
2025-11-01 07:00,31.789200618259724
2025-11-01 08:00,35.39552358688671
2025-11-01 09:00,36.72769691968311
2025-11-01 10:00,34.00330222303998
2025-11-01 11:00,36.928060529014544
2025-11-01 12:00,33.844090972862894
2025-11-01 13:00,33.668130591101715
2025-11-01 14:00,32.284011426658715
2025-11-01 15:00,34.5196587602594
2025-11-01 16:00,33.82474448202497
2025-11-01 17:00,38.47286390051633
2025-11-01 18:00,35.27702819066528
2025-11-01 19:00,34.771999920247666
2025-11-01 20:00,35.026492571674964
2025-11-01 21:00,31.858529792042756
2025-11-01 22:00,31.10978578768832
2025-11-01 23:00,33.642184837097346
2025-11-02 00:00,37.457981617374
2025-11-02 01:00,39.82124161641427
2025-11-02 02:00,36.41643363796442
2025-11-02 03:00,42.9610941836206
2025-11-02 04:00,48.03204780910138
2025-11-02 05:00,50.698418409189635
2025-11-02 06:00,47.404763521978
2025-11-02 07:00,51.50719963991416
2025-11-02 08:00,55.567502659812824
2025-11-02 09:00,56.86181368326147
2025-11-02 10:00,56.981969401065854
2025-11-02 11:00,55.97579349926105
2025-11-02 12:00,54.753486773134895
2025-11-02 13:00,53.36625040978176
2025-11-02 14:00,55.568670489314734
2025-11-02 15:00,56.07121470118629
2025-11-02 16:00,56.71957954663379
2025-11-02 17:00,57.42478688399705
2025-11-02 18:00,57.87112840599683
2025-11-02 19:00,58.06477600539595
2025-11-02 20:00,58.34284086633887
2025-11-02 21:00,55.866079972788526
2025-11-02 22:00,56.971717846824674
2025-11-02 23:00,54.089740474303895
2025-11-03 00:00,53.17381602767765
2025-11-03 01:00,47.983644104038376
2025-11-03 02:00,41.059569916719305
2025-11-03 03:00,38.108066821894795
2025-11-03 04:00,34.957932078013364
2025-11-03 05:00,20.53417290029683
2025-11-03 06:00,14.435658980397346
2025-11-03 07:00,10.210712996010813
2025-11-03 08:00,8.45949683324237
2025-11-03 09:00,7.7975741507737055
2025-11-03 10:00,6.039133698625425
2025-11-03 11:00,3.3726859320218487
2025-11-03 12:00,3.05908159966438
2025-11-03 13:00,3.0152787829117242
2025-11-03 14:00,1.9061857805935534
2025-11-03 15:00,3.475088344775757
2025-11-03 16:00,3.2051583435309774
2025-11-03 17:00,3.812920789903986
2025-11-03 18:00,2.89780667011209
2025-11-03 19:00,2.602802613920786
2025-11-03 20:00,2.6656364020635603
2025-11-03 21:00,2.055570811592602
2025-11-03 22:00,1.5894112667310807
2025-11-03 23:00,1.0828060496693734
2025-11-04 00:00,1.0415894106951753
2025-11-04 01:00,1.8717522136020222
2025-11-04 02:00,2.5665354426836737
2025-11-04 03:00,2.8143614644118937
2025-11-04 04:00,3.7375033644590987
2025-11-04 05:00,5.095747478128354
2025-11-04 06:00,3.089134398120593
2025-11-04 07:00,2.722903699895163
2025-11-04 08:00,2.9540365960293555
2025-11-04 09:00,2.5327375423548384
2025-11-04 10:00,1.0021945729233377
2025-11-04 11:00,0.7944051309180106
2025-11-04 12:00,0.7438152302260392
2025-11-04 13:00,1.752121469317129
2025-11-04 14:00,3.830989755671977
2025-11-04 15:00,5.180979301733541
2025-11-04 16:00,5.294118082717745
2025-11-04 17:00,6.800085672962825
2025-11-04 18:00,9.42949807436564
2025-11-04 19:00,12.697374617248846
2025-11-04 20:00,15.190722513760178
2025-11-04 21:00,12.767745735994795
2025-11-04 22:00,11.244585470122903
2025-11-04 23:00,12.256239144700201
2025-11-05 00:00,10.34582567059954
2025-11-05 01:00,9.778745760295378
2025-11-05 02:00,9.070842694062128
2025-11-05 03:00,10.670312942890234
2025-11-05 04:00,9.749522265237008
2025-11-05 05:00,7.866429727404443
2025-11-05 06:00,7.513677059878122
2025-11-05 07:00,4.146865377030673
2025-11-05 08:00,4.022739553687113
2025-11-05 09:00,4.126666439790163
2025-11-05 10:00,3.056516851473224
2025-11-05 11:00,0.897580013332389
2025-11-05 12:00,1.4634384405921368
2025-11-05 13:00,1.7854549305245206
2025-11-05 14:00,6.7449924942592565
2025-11-05 15:00,8.404618201882537
2025-11-05 16:00,9.167518695519231
2025-11-05 17:00,13.346976771016921
2025-11-05 18:00,14.264815169988603
2025-11-05 19:00,15.56780827613845
2025-11-05 20:00,13.255259081628653
2025-11-05 21:00,7.2608690815970744
2025-11-05 22:00,6.104549359628998
2025-11-05 23:00,5.822240158370517
2025-11-06 00:00,7.694219860369821
2025-11-06 01:00,5.467468336945655
2025-11-06 02:00,5.645492356862797
2025-11-06 03:00,5.289079134678491
2025-11-06 04:00,6.437170964214641
2025-11-06 05:00,5.577147884426815
2025-11-06 06:00,5.790184528542152
2025-11-06 07:00,5.887402885586155
2025-11-06 08:00,5.5234881897793535
2025-11-06 09:00,8.092105314952413
2025-11-06 10:00,9.859918797604061
2025-11-06 11:00,10.415308173975571
2025-11-06 12:00,13.67622368788834
2025-11-06 13:00,14.677840433375923
2025-11-06 14:00,15.421564037161588
2025-11-06 15:00,18.683830261397713
2025-11-06 16:00,18.140492281147143
2025-11-06 17:00,14.670292341715735
2025-11-06 18:00,14.867219176720203
2025-11-06 19:00,15.114896179646781
2025-11-06 20:00,12.9512117571022
2025-11-06 21:00,6.489020960757848
2025-11-06 22:00,3.223135151701835
2025-11-06 23:00,2.730490259068778
2025-11-07 00:00,3.1427524533116347
2025-11-07 01:00,3.31356853213927
2025-11-07 02:00,4.560738697820329
2025-11-07 03:00,3.3378871934151606
2025-11-07 04:00,2.773138932987251
2025-11-07 05:00,2.63858766848379
2025-11-07 06:00,1.9872008311119598
2025-11-07 07:00,2.2583072452280013
2025-11-07 08:00,2.476415426363173
2025-11-07 09:00,1.4557381586038705
2025-11-07 10:00,0.29208524008310854
2025-11-07 11:00,0.37826858062529256
2025-11-07 12:00,0.2760944340862676
2025-11-07 13:00,0.23965617599525763
2025-11-07 14:00,1.1610692792757336
2025-11-07 15:00,2.109875035597885
2025-11-07 16:00,2.5261027053636194
2025-11-07 17:00,2.763459158406475
2025-11-07 18:00,3.503351418427142
2025-11-07 19:00,3.0738990678096934
2025-11-07 20:00,3.145818113750242
2025-11-07 21:00,2.1895479243524263
2025-11-07 22:00,2.081228392283205
2025-11-07 23:00,2.734262188104905
2025-11-08 00:00,4.707324328059779
2025-11-08 01:00,8.147861547494893
2025-11-08 02:00,9.476801720118335
2025-11-08 03:00,8.320079354358578
2025-11-08 04:00,11.584194402816806
2025-11-08 05:00,10.714018669663975
2025-11-08 06:00,6.915017359501286
2025-11-08 07:00,11.063800137316292
2025-11-08 08:00,14.590390963878315
2025-11-08 09:00,14.783860146244328
2025-11-08 10:00,16.38887283242279
2025-11-08 11:00,12.825512285435511
2025-11-08 12:00,12.567717048535133
2025-11-08 13:00,11.230112938996566
2025-11-08 14:00,9.464180457111015
2025-11-08 15:00,8.569008992856887
2025-11-08 16:00,3.6837906656793837
2025-11-08 17:00,3.902779177318552
2025-11-08 18:00,5.364694830002676
2025-11-08 19:00,12.324501831096144
2025-11-08 20:00,11.42537562006595
2025-11-08 21:00,13.472689457330176
2025-11-08 22:00,7.873366588001919
2025-11-08 23:00,8.386797342983767
2025-11-09 00:00,5.165635018797917
2025-11-09 01:00,2.377799909289444
2025-11-09 02:00,2.7233308843131194
2025-11-09 03:00,0.9632288354237952
2025-11-09 04:00,1.5283453607479647
2025-11-09 05:00,3.4248910611444
2025-11-09 06:00,3.765720543608253
2025-11-09 07:00,4.67723361170022
2025-11-09 08:00,7.785731266429177
2025-11-09 09:00,6.834431605838499
2025-11-09 10:00,10.80541420163257
2025-11-09 11:00,8.438986860733731
2025-11-09 12:00,13.02891751391188
2025-11-09 13:00,22.150277552585507
2025-11-09 14:00,25.15920477240586
2025-11-09 15:00,26.81267923685039
2025-11-09 16:00,29.859335658983408
2025-11-09 17:00,29.921343350571036
2025-11-09 18:00,38.01968311538149
2025-11-09 19:00,44.310277469237604
2025-11-09 20:00,50.125180641625576
2025-11-09 21:00,50.998430050764625
2025-11-09 22:00,56.412954733663355
2025-11-09 23:00,55.45505016861454
2025-11-10 00:00,56.28395153825
2025-11-10 01:00,57.83149599124004
2025-11-10 02:00,54.929835252923596
2025-11-10 03:00,55.65232684902146
2025-11-10 04:00,52.520722894502526
2025-11-10 05:00,50.892932723671805
2025-11-10 06:00,48.0459480479344
2025-11-10 07:00,52.023902390140954
2025-11-10 08:00,49.2907389570248
2025-11-10 09:00,49.17446973926477
2025-11-10 10:00,47.15184486493027
2025-11-10 11:00,48.34753233251112
2025-11-10 12:00,48.144393645713144
2025-11-10 13:00,46.99678574898276
2025-11-10 14:00,44.87448351225068
2025-11-10 15:00,40.778280903505674
2025-11-10 16:00,34.59963548062181
2025-11-10 17:00,25.615577825620814
2025-11-10 18:00,16.806284982935015
2025-11-10 19:00,15.276342351520842
2025-11-10 20:00,22.295926621108055
2025-11-10 21:00,18.48093995296598
2025-11-10 22:00,13.665610309778087
2025-11-10 23:00,12.661656259513093
2025-11-11 00:00,22.175189776116273
2025-11-11 01:00,18.001740267068623
2025-11-11 02:00,17.394588329653004
2025-11-11 03:00,14.28831076038449
2025-11-11 04:00,15.227003181234846
2025-11-11 05:00,10.862086068528166
2025-11-11 06:00,8.510026323638224
2025-11-11 07:00,10.188443282170743
2025-11-11 08:00,9.163391344926552
2025-11-11 09:00,8.292219357050165
2025-11-11 10:00,6.7289053003515065
2025-11-11 11:00,7.964862700314152
2025-11-11 12:00,9.91721316591745
2025-11-11 13:00,13.440915098082655
2025-11-11 14:00,13.043137850726605
2025-11-11 15:00,14.142215456145646
2025-11-11 16:00,14.379765625705963
2025-11-11 17:00,11.781535982615555
2025-11-11 18:00,10.39459805735434
2025-11-11 19:00,11.579650678605097
2025-11-11 20:00,7.573487029368312
2025-11-11 21:00,5.586082579566044
2025-11-11 22:00,2.9734840708079657
2025-11-11 23:00,2.5698112291067052
2025-11-12 00:00,3.047960369626045
2025-11-12 01:00,2.5664561519919378
2025-11-12 02:00,3.1423606107364455
2025-11-12 03:00,4.988611290911396
2025-11-12 04:00,5.182093891142989
2025-11-12 05:00,2.986188546255278
2025-11-12 06:00,3.293430017709659
2025-11-12 07:00,4.4535354236930935
2025-11-12 08:00,3.9400009038818467
2025-11-12 09:00,3.5244066795576012
2025-11-12 10:00,1.5726546103823322
2025-11-12 11:00,1.0409468652285838
2025-11-12 12:00,0.9457635808291996
2025-11-12 13:00,1.966803453265873
2025-11-12 14:00,2.3321337408503156
2025-11-12 15:00,3.931859063392983
2025-11-12 16:00,9.540332367408547
2025-11-12 17:00,10.384118282530599
2025-11-12 18:00,6.572897225925006
2025-11-12 19:00,6.4593935136422935
2025-11-12 20:00,6.0667767313256915
2025-11-12 21:00,5.806265713260424
2025-11-12 22:00,4.133195090831211
2025-11-12 23:00,4.122175405556216
2025-11-13 00:00,5.61239225427301
2025-11-13 01:00,6.350096182717801
2025-11-13 02:00,6.06678112612587
2025-11-13 03:00,8.022420481068012
2025-11-13 04:00,8.829856159277746
2025-11-13 05:00,7.812103447633944
2025-11-13 06:00,6.043837865785129
2025-11-13 07:00,5.404655319616469
2025-11-13 08:00,4.021676794998831
2025-11-13 09:00,3.1781129044197254
2025-11-13 10:00,3.4566200296508023
2025-11-13 11:00,3.234468221856323
2025-11-13 12:00,2.9438299381943223
2025-11-13 13:00,5.190670898767548
2025-11-13 14:00,10.7817395020216
2025-11-13 15:00,14.316212783495617
2025-11-13 16:00,19.232876519291022
2025-11-13 17:00,26.427999445697225
2025-11-13 18:00,21.1017216400973
2025-11-13 19:00,21.21969925271227
2025-11-13 20:00,23.930095407269175
2025-11-13 21:00,19.524765392911938
2025-11-13 22:00,15.104229863105527
2025-11-13 23:00,13.976364289559235
2025-11-14 00:00,15.96814561048132
2025-11-14 01:00,15.344153161431308
2025-11-14 02:00,10.170655404256635
2025-11-14 03:00,11.124368867719078
2025-11-14 04:00,10.750415981766187
2025-11-14 05:00,9.659663085359725
2025-11-14 06:00,6.692476108349732
2025-11-14 07:00,9.66860510290126
2025-11-14 08:00,11.122779769322635
2025-11-14 09:00,10.75500835298985
2025-11-14 10:00,13.028778542938262
2025-11-14 11:00,14.582211076184107
2025-11-14 12:00,17.77716818853654
2025-11-14 13:00,19.90432975027984
2025-11-14 14:00,21.903470891666526
2025-11-14 15:00,20.36563312871309
2025-11-14 16:00,18.199315616371194
2025-11-14 17:00,15.093260272508273
2025-11-14 18:00,16.88681780485354
2025-11-14 19:00,19.138901643650943
2025-11-14 20:00,16.837310341257503
2025-11-14 21:00,12.471376914990188
2025-11-14 22:00,9.87586221725242
2025-11-14 23:00,7.037071150837891
2025-11-15 00:00,7.582398926919853
2025-11-15 01:00,5.04981006979743
2025-11-15 02:00,4.580985094751112
2025-11-15 03:00,4.955819042741845
2025-11-15 04:00,4.4374840035970315
2025-11-15 05:00,5.414368151938109
2025-11-15 06:00,3.6755967098190787
2025-11-15 07:00,2.713301483096887
2025-11-15 08:00,0.9358085088713187
2025-11-15 09:00,0.746697672268083
2025-11-15 10:00,0.8716661600608064
2025-11-15 11:00,1.8289893525865855
2025-11-15 12:00,1.8346326082787625
2025-11-15 13:00,1.8813129714307715
2025-11-15 14:00,2.0055223204215977
2025-11-15 15:00,2.9987538366604647
2025-11-15 16:00,3.2258098135601387
2025-11-15 17:00,3.7691818902808656
2025-11-15 18:00,3.1905696871556746
2025-11-15 19:00,2.8923128321534604
2025-11-15 20:00,2.0095581435868444
2025-11-15 21:00,0.9570005324790838
2025-11-15 22:00,1.0123072854009492
2025-11-15 23:00,1.1075525096327827
2025-11-16 00:00,0.7882557787520166
2025-11-16 01:00,2.819861582722311
2025-11-16 02:00,2.8851552614518434
2025-11-16 03:00,2.6127370818448687
2025-11-16 04:00,3.6618424221647166
2025-11-16 05:00,3.173028109217147
2025-11-16 06:00,2.56941418262717
2025-11-16 07:00,2.0746869664358853
2025-11-16 08:00,2.2873798342063316
2025-11-16 09:00,2.9347204911960856
2025-11-16 10:00,1.9138534410670176
2025-11-16 11:00,2.0632969088303867
2025-11-16 12:00,3.625682515564228
2025-11-16 13:00,7.848037052393464
2025-11-16 14:00,8.424218342110631
2025-11-16 15:00,7.813508391713352
2025-11-16 16:00,5.117225552523311
2025-11-16 17:00,5.864588834506041
2025-11-16 18:00,5.821433607505345
2025-11-16 19:00,8.23309540781998
2025-11-16 20:00,10.220373657220406
2025-11-16 21:00,9.84963505991399
2025-11-16 22:00,12.84897371855074
2025-11-16 23:00,26.164600492564816
2025-11-17 00:00,42.93393340915174
2025-11-17 01:00,50.548182434206055
2025-11-17 02:00,50.63872742560327
2025-11-17 03:00,51.08873238599148
2025-11-17 04:00,53.231167052072415
2025-11-17 05:00,54.05565605102565
2025-11-17 06:00,53.07718001517964
2025-11-17 07:00,48.71610769877864
2025-11-17 08:00,49.65070269763601
2025-11-17 09:00,50.03737523463277
2025-11-17 10:00,48.47534908523719
2025-11-17 11:00,54.00999180387737
2025-11-17 12:00,55.559012278617125
2025-11-17 13:00,55.3241345248831
2025-11-17 14:00,53.979370732787366
2025-11-17 15:00,55.182507832205495
2025-11-17 16:00,55.627506052113354
2025-11-17 17:00,55.47907813211334
2025-11-17 18:00,55.45360543692236
2025-11-17 19:00,55.4390848569221
2025-11-17 20:00,56.38867621110786
2025-11-17 21:00,55.779337907781155
2025-11-17 22:00,56.685121371230736
2025-11-17 23:00,55.05094742584496
2025-11-18 00:00,56.754935394186816
2025-11-18 01:00,52.91933250036751
2025-11-18 02:00,54.513868200896155
2025-11-18 03:00,54.69865016747581
2025-11-18 04:00,55.83927172033392
2025-11-18 05:00,53.96710469630023
2025-11-18 06:00,51.252771559943454
2025-11-18 07:00,48.76037790789577
2025-11-18 08:00,47.85461965685892
2025-11-18 09:00,44.96390922781154
2025-11-18 10:00,41.41470107647651
2025-11-18 11:00,46.54601270942458
2025-11-18 12:00,42.69408704376192
2025-11-18 13:00,48.21938788123432
2025-11-18 14:00,45.08040477347694
2025-11-18 15:00,43.513778289250695
2025-11-18 16:00,45.21776147419715
2025-11-18 17:00,50.200788912535465
2025-11-18 18:00,44.07941755284096
2025-11-18 19:00,42.88030679013958
2025-11-18 20:00,36.769404112458055
2025-11-18 21:00,26.70961069622047
2025-11-18 22:00,16.42834356965627
2025-11-18 23:00,16.68386460792694
2025-11-19 00:00,21.219203431250616
2025-11-19 01:00,16.869858819280857
2025-11-19 02:00,12.746334099943146
2025-11-19 03:00,6.80470039495981
2025-11-19 04:00,4.7213441573093125
2025-11-19 05:00,5.400111356541456
2025-11-19 06:00,1.8482984429259006
2025-11-19 07:00,3.026742174001226
2025-11-19 08:00,3.029390344284679
2025-11-19 09:00,1.709500494985303
2025-11-19 10:00,0.9271562102173859
2025-11-19 11:00,1.1251286242171674
2025-11-19 12:00,1.8363303848863877
2025-11-19 13:00,2.6645523267785327
2025-11-19 14:00,4.142440556250374
2025-11-19 15:00,4.663915136219299
2025-11-19 16:00,5.323566092874057
2025-11-19 17:00,3.749798074003702
2025-11-19 18:00,2.380720374872265
2025-11-19 19:00,1.118151091638153
2025-11-19 20:00,0.9891719159341101
2025-11-19 21:00,1.1300576382609941
2025-11-19 22:00,0.9244432473504678
2025-11-19 23:00,0.7999166403586838
2025-11-20 00:00,2.0696678829951094
2025-11-20 01:00,2.0801034239321905
2025-11-20 02:00,1.3902973445696953
2025-11-20 03:00,2.52214703764853
2025-11-20 04:00,2.298150162147267
2025-11-20 05:00,3.272509425593753
2025-11-20 06:00,5.088383697990287
2025-11-20 07:00,4.998922739982556
2025-11-20 08:00,5.578113638541738
2025-11-20 09:00,4.157734911738375
2025-11-20 10:00,9.086639253383685
2025-11-20 11:00,11.311061293521394
2025-11-20 12:00,14.21035705835114
2025-11-20 13:00,16.226672169464372
2025-11-20 14:00,18.36561464094306
2025-11-20 15:00,19.176437586768145
2025-11-20 16:00,19.356713633100693
2025-11-20 17:00,22.905482212179606
2025-11-20 18:00,26.59717963918777
2025-11-20 19:00,28.990538245277463
2025-11-20 20:00,37.560837758755845
2025-11-20 21:00,38.142459027754704
2025-11-20 22:00,40.24304326184853
2025-11-20 23:00,37.84301450711581
2025-11-21 00:00,35.58355841105412
2025-11-21 01:00,26.27315013283232
2025-11-21 02:00,17.905258699388884
2025-11-21 03:00,14.490709277854458
2025-11-21 04:00,12.69081695105853
2025-11-21 05:00,4.755461724788351
2025-11-21 06:00,4.585223564266797
2025-11-21 07:00,5.052288264187059
2025-11-21 08:00,4.889926925993548
2025-11-21 09:00,2.8527491676942764
2025-11-21 10:00,2.197390688017026
2025-11-21 11:00,1.198227947306557
2025-11-21 12:00,2.6068841868369916
2025-11-21 13:00,5.416337291332067
2025-11-21 14:00,8.836475394765976
2025-11-21 15:00,9.96963061876845
2025-11-21 16:00,10.741613068068089
2025-11-21 17:00,12.147687354104324
2025-11-21 18:00,14.467063898996443
2025-11-21 19:00,8.114529143713417
2025-11-21 20:00,10.387922196485576
2025-11-21 21:00,8.66373798304898
2025-11-21 22:00,9.022157733441945
2025-11-21 23:00,8.513268404657868
2025-11-22 00:00,11.46223990966301
2025-11-22 01:00,11.524470521376044
2025-11-22 02:00,11.352230084960622
2025-11-22 03:00,10.87147359209062
2025-11-22 04:00,9.520661292113823
2025-11-22 05:00,7.443216985006095
2025-11-22 06:00,6.591606664284771
2025-11-22 07:00,6.32236146812656
2025-11-22 08:00,6.464240779617545
2025-11-22 09:00,4.970918397780524
2025-11-22 10:00,1.7884549473460287
2025-11-22 11:00,2.2519568152180276
2025-11-22 12:00,1.9897563404211338
2025-11-22 13:00,1.8083570945831002
2025-11-22 14:00,1.8638631949595512
2025-11-22 15:00,2.5463784663517344
2025-11-22 16:00,2.8358024990604345
2025-11-22 17:00,2.1564984075209077
2025-11-22 18:00,1.8469528797435428
2025-11-22 19:00,2.2759276325326403
2025-11-22 20:00,3.4886018942276693
2025-11-22 21:00,5.589218166476654
2025-11-22 22:00,5.902970495893102
2025-11-22 23:00,6.136020256408778
2025-11-23 00:00,7.359284193129317
2025-11-23 01:00,5.501610999634959
2025-11-23 02:00,6.161368303535072
2025-11-23 03:00,7.11214522429068
2025-11-23 04:00,8.8599191961824
2025-11-23 05:00,10.556844272848032
2025-11-23 06:00,11.254039723963615
2025-11-23 07:00,12.266975945199846
2025-11-23 08:00,17.741234206831766
2025-11-23 09:00,14.890766641836507
2025-11-23 10:00,14.630251834586057
2025-11-23 11:00,20.844148128197016
2025-11-23 12:00,20.278993394265246
2025-11-23 13:00,21.145245850009342
2025-11-23 14:00,16.94113245341942
2025-11-23 15:00,15.039269929670532
2025-11-23 16:00,20.820746357666618
2025-11-23 17:00,20.118536503964936
2025-11-23 18:00,19.849260067130217
2025-11-23 19:00,22.27150951681427
2025-11-23 20:00,15.592099188530398
2025-11-23 21:00,13.867764681427028
2025-11-23 22:00,14.782925910130432
2025-11-23 23:00,14.549090081672851
2025-11-24 00:00,15.231230741334361
2025-11-24 01:00,13.713671990938135
2025-11-24 02:00,11.613157632930875
2025-11-24 03:00,11.907864093507296
2025-11-24 04:00,13.614310709917266
2025-11-24 05:00,15.085015912616882
2025-11-24 06:00,15.285777250113547
2025-11-24 07:00,21.949301732651143
2025-11-24 08:00,23.434814579865318
2025-11-24 09:00,23.669787600203414
2025-11-24 10:00,21.09322763193371
2025-11-24 11:00,20.580463980917518
2025-11-24 12:00,26.02075195209974
2025-11-24 13:00,18.431049946537748
2025-11-24 14:00,15.188578613314164
2025-11-24 15:00,14.54244721793279
2025-11-24 16:00,12.38921705637821
2025-11-24 17:00,9.026219563993767
2025-11-24 18:00,11.071510208028752
2025-11-24 19:00,12.366431944326065
2025-11-24 20:00,11.200924170331776
2025-11-24 21:00,15.621206410067794
2025-11-24 22:00,17.714526558322365
2025-11-24 23:00,16.862573253054986
2025-11-25 00:00,15.999512114979824
2025-11-25 01:00,18.914124518456543
2025-11-25 02:00,19.598839556573974
2025-11-25 03:00,23.69097538545023
2025-11-25 04:00,21.96311169920577
2025-11-25 05:00,27.600138776658724
2025-11-25 06:00,33.4601373176961
2025-11-25 07:00,34.725355366708385
2025-11-25 08:00,41.0600488654978
2025-11-25 09:00,45.707958546935814
2025-11-25 10:00,56.44119317601311
2025-11-25 11:00,57.9390438013387
2025-11-25 12:00,57.311839107811586
2025-11-25 13:00,61.312049244650325
2025-11-25 14:00,56.788565547552366
2025-11-25 15:00,60.51380533275442
2025-11-25 16:00,57.80447357005332
2025-11-25 17:00,59.422923759543714
2025-11-25 18:00,60.05591937661134
2025-11-25 19:00,57.51206653996243
2025-11-25 20:00,59.02430725803313
2025-11-25 21:00,50.08336936940414
2025-11-25 22:00,44.442651706914575
2025-11-25 23:00,42.84837873302024
2025-11-26 00:00,35.649800615975494
2025-11-26 01:00,24.963834113681386
2025-11-26 02:00,19.158266501339696
2025-11-26 03:00,10.034435836448822
2025-11-26 04:00,8.042881670642863
2025-11-26 05:00,5.598164778325901
2025-11-26 06:00,5.884300814025254
2025-11-26 07:00,6.052216605486604
2025-11-26 08:00,5.847145578081532
2025-11-26 09:00,5.595351236391976
2025-11-26 10:00,5.806838024194994
2025-11-26 11:00,5.162160998842606
2025-11-26 12:00,4.754200033331739
2025-11-26 13:00,3.264322196352719
2025-11-26 14:00,1.9883416469010153
2025-11-26 15:00,3.079607488948568
2025-11-26 16:00,3.415633310723912
2025-11-26 17:00,2.835286400476283
2025-11-26 18:00,2.367580745818773
2025-11-26 19:00,3.047086662240014
2025-11-26 20:00,5.201372984014904
2025-11-26 21:00,5.244238905921993
2025-11-26 22:00,4.884604270069251
2025-11-26 23:00,6.995370147051612
2025-11-27 00:00,9.101920172869196
2025-11-27 01:00,8.163529275386715
2025-11-27 02:00,22.616767085608032
2025-11-27 03:00,36.292910783118046
2025-11-27 04:00,35.501178167963204
2025-11-27 05:00,39.56148231171724
2025-11-27 06:00,49.93396688713309
2025-11-27 07:00,51.17806531267209
2025-11-27 08:00,54.347235458708546
2025-11-27 09:00,55.01102663431625
2025-11-27 10:00,51.949292074860026
2025-11-27 11:00,60.15781604802359
2025-11-27 12:00,59.76051749054017
2025-11-27 13:00,59.88451333372475
2025-11-27 14:00,58.040980345941705
2025-11-27 15:00,57.38534323208555
2025-11-27 16:00,56.68214594980852
2025-11-27 17:00,57.653622223759186
2025-11-27 18:00,60.67429308232137
2025-11-27 19:00,60.63887595880132
2025-11-27 20:00,57.865795997115185
2025-11-27 21:00,56.41661282339551
2025-11-27 22:00,56.400107379153475
2025-11-27 23:00,57.25020562569552
2025-11-28 00:00,59.35979421273752
2025-11-28 01:00,55.681794473015565
2025-11-28 02:00,55.159700671554226
2025-11-28 03:00,48.39999246027196
2025-11-28 04:00,46.786527320392
2025-11-28 05:00,42.199295243602414
2025-11-28 06:00,33.982221372486556
2025-11-28 07:00,28.427029173781385
2025-11-28 08:00,22.61228167311058
2025-11-28 09:00,17.670024464314594
2025-11-28 10:00,14.693069627719217
2025-11-28 11:00,13.380180403400017
2025-11-28 12:00,13.154369049655646
2025-11-28 13:00,8.697065897764126
2025-11-28 14:00,7.937267144130784
2025-11-28 15:00,10.346070094564077
2025-11-28 16:00,5.965502550547448
2025-11-28 17:00,6.210110315113724
2025-11-28 18:00,3.2871008197328813
2025-11-28 19:00,3.976985022808952
2025-11-28 20:00,3.6266652145525136
2025-11-28 21:00,4.31458237065866
2025-11-28 22:00,4.346905352608301
2025-11-28 23:00,4.252223557397622
2025-11-29 00:00,3.2710320670686603
2025-11-29 01:00,4.089889227853242
2025-11-29 02:00,3.550372177403735
2025-11-29 03:00,4.503358404983945
2025-11-29 04:00,5.623334579473912
2025-11-29 05:00,6.167802694067938
2025-11-29 06:00,6.6517213565529465
2025-11-29 07:00,7.380222134076455
2025-11-29 08:00,14.431433625678144
2025-11-29 09:00,15.721042387889796
2025-11-29 10:00,22.46209630538472
2025-11-29 11:00,33.97734690588232
2025-11-29 12:00,40.943820923990316
2025-11-29 13:00,46.93503717019243
2025-11-29 14:00,49.542141233564074
2025-11-29 15:00,48.8941734567962
2025-11-29 16:00,49.210888703826306
2025-11-29 17:00,47.07279056512533
2025-11-29 18:00,43.066056533188515
2025-11-29 19:00,36.98294783279357
2025-11-29 20:00,34.99507002722567
2025-11-29 21:00,36.156542258474175
2025-11-29 22:00,35.60837266303241
2025-11-29 23:00,39.0690127514365
2025-11-30 00:00,40.323430646299215
2025-11-30 01:00,36.54934808008289
2025-11-30 02:00,29.41053561266224
2025-11-30 03:00,26.386809434087354
2025-11-30 04:00,25.11571844873459
2025-11-30 05:00,18.99214671036158
2025-11-30 06:00,16.148881244232268
2025-11-30 07:00,12.312691705225125
2025-11-30 08:00,16.200147891362228
2025-11-30 09:00,15.58890003978494
2025-11-30 10:00,16.386043173211714
2025-11-30 11:00,18.043059931411808
2025-11-30 12:00,18.719087495345562
2025-11-30 13:00,29.76774445126451
2025-11-30 14:00,30.651946965872902
2025-11-30 15:00,33.14896672793184
2025-11-30 16:00,29.770891506985766
2025-11-30 17:00,31.93755507568509
2025-11-30 18:00,29.043249061372496
2025-11-30 19:00,30.420409227564434
2025-11-30 20:00,22.664893249548594
2025-11-30 21:00,14.38870646790591
2025-11-30 22:00,14.022577204579397
2025-11-30 23:00,12.329031566834704
2025-12-01 00:00,34.028717590794486
2025-12-01 01:00,31.00738151619444
2025-12-01 02:00,35.209531170804716
2025-12-01 03:00,41.5196542684346
2025-12-01 04:00,34.30874393154795
2025-12-01 05:00,31.451277241180964
2025-12-01 06:00,26.59536016559615
2025-12-01 07:00,18.629746561306906
2025-12-01 08:00,17.988886913548168
2025-12-01 09:00,18.419543850878096
2025-12-01 10:00,18.891756519628096
2025-12-01 11:00,20.618047277809712
2025-12-01 12:00,23.237153983276954
2025-12-01 13:00,29.84212151106461
2025-12-01 14:00,29.488606154289663
2025-12-01 15:00,28.64279285714425
2025-12-01 16:00,32.46440017569916
2025-12-01 17:00,22.673529798862706
2025-12-01 18:00,24.167020955741435
2025-12-01 19:00,19.323457627160153
2025-12-01 20:00,21.374725704919555
2025-12-01 21:00,18.027907045489307
2025-12-01 22:00,19.411888825728514
2025-12-01 23:00,22.598178631715378
2025-12-02 00:00,27.90942931280751
2025-12-02 01:00,33.29994714056331
2025-12-02 02:00,33.854910903187815
2025-12-02 03:00,34.26990968826463
2025-12-02 04:00,35.07222522846232
2025-12-02 05:00,33.860595841986246
2025-12-02 06:00,42.26045648249614
2025-12-02 07:00,42.93438306172651
2025-12-02 08:00,44.14101873008641
2025-12-02 09:00,48.14014168250627
2025-12-02 10:00,45.89865738877447
2025-12-02 11:00,45.54642561622096
2025-12-02 12:00,44.82664594469424
2025-12-02 13:00,45.834887000217954
2025-12-02 14:00,47.56303580867997
2025-12-02 15:00,48.59575919021655
2025-12-02 16:00,48.890352554113385
2025-12-02 17:00,49.15725513724862
2025-12-02 18:00,48.33142830102084
2025-12-02 19:00,46.249339805390896
2025-12-02 20:00,45.61557824818547
2025-12-02 21:00,43.002568670800464
2025-12-02 22:00,44.14477091519663
2025-12-02 23:00,43.5915238765973
2025-12-03 00:00,50.01594520879822
2025-12-03 01:00,51.86886951796678
2025-12-03 02:00,55.188744091918075
2025-12-03 03:00,52.76470313122398
2025-12-03 04:00,53.296111638406835
2025-12-03 05:00,52.89492981894612
2025-12-03 06:00,44.373951414845074
2025-12-03 07:00,41.74031207332508
2025-12-03 08:00,36.65680212253597
2025-12-03 09:00,39.49632084254187
2025-12-03 10:00,41.89822925101083
2025-12-03 11:00,49.68543436713399
2025-12-03 12:00,57.97752825115256
2025-12-03 13:00,58.72117179679869
2025-12-03 14:00,59.828654586401846
2025-12-03 15:00,56.145747290340616
2025-12-03 16:00,60.12475701869746
2025-12-03 17:00,58.84349765836977
2025-12-03 18:00,59.01385075314424
2025-12-03 19:00,55.20262385951365
2025-12-03 20:00,52.394522951954826
2025-12-03 21:00,51.210058392591655
2025-12-03 22:00,49.9357160100178
2025-12-03 23:00,49.88360749713831
2025-12-04 00:00,45.116389326431865
2025-12-04 01:00,34.06164486635063
2025-12-04 02:00,29.909822707166857
2025-12-04 03:00,28.817546176614083
2025-12-04 04:00,21.100947717596874
2025-12-04 05:00,18.247748188977454
2025-12-04 06:00,13.825558678485955
2025-12-04 07:00,8.50595321369702
2025-12-04 08:00,5.476132356015331
2025-12-04 09:00,5.493589963098095
2025-12-04 10:00,2.9027619911893185
2025-12-04 11:00,2.272963895556696
2025-12-04 12:00,0.9254441844522172
2025-12-04 13:00,2.227732006638831
2025-12-04 14:00,5.535876510070207
2025-12-04 15:00,9.895010673585702
2025-12-04 16:00,10.892294214999765
2025-12-04 17:00,16.650447316857008
2025-12-04 18:00,20.386989944889578
2025-12-04 19:00,40.51476909318602
2025-12-04 20:00,51.12256648491438
2025-12-04 21:00,53.72885673196843
2025-12-04 22:00,56.72740983816929
2025-12-04 23:00,53.90059771618981
2025-12-05 00:00,57.7243756739998
2025-12-05 01:00,55.49785605337482
2025-12-05 02:00,53.845819657166935
2025-12-05 03:00,53.29234121666194
2025-12-05 04:00,48.99536767914576
2025-12-05 05:00,47.094086086817946
2025-12-05 06:00,42.570826315067535
2025-12-05 07:00,39.552166505772306
2025-12-05 08:00,27.89060698869324
2025-12-05 09:00,20.11167204371306
2025-12-05 10:00,15.939335025617257
2025-12-05 11:00,12.083060722058262
2025-12-05 12:00,10.982289473274427
2025-12-05 13:00,11.794019326570636
2025-12-05 14:00,14.268898402808558
2025-12-05 15:00,19.64576671212016
2025-12-05 16:00,16.114991839139236
2025-12-05 17:00,13.119405895713175
2025-12-05 18:00,9.040255623557439
2025-12-05 19:00,6.201577255019825
2025-12-05 20:00,3.9794940346347434
2025-12-05 21:00,2.5109429743115395
2025-12-05 22:00,2.6898729986988834
2025-12-05 23:00,3.310446986571215
2025-12-06 00:00,5.061235127723507
2025-12-06 01:00,3.734912417924168
2025-12-06 02:00,5.38150031204984
2025-12-06 03:00,7.521680504332555
2025-12-06 04:00,7.863958665534986
2025-12-06 05:00,10.196140169272452
2025-12-06 06:00,9.159649521729257
2025-12-06 07:00,12.405535679927237
2025-12-06 08:00,10.36059277598862
2025-12-06 09:00,14.222655523947484
2025-12-06 10:00,20.21800306205215
2025-12-06 11:00,27.081775359156982
2025-12-06 12:00,29.29249030991121
2025-12-06 13:00,34.60495461338987
2025-12-06 14:00,42.02356798829294
2025-12-06 15:00,36.89007887706881
2025-12-06 16:00,36.66950804610047
2025-12-06 17:00,35.33098823567927
2025-12-06 18:00,36.52965226992612
2025-12-06 19:00,38.37178472091163
2025-12-06 20:00,41.37967412342783
2025-12-06 21:00,38.398800580622265
2025-12-06 22:00,37.020668095011054
2025-12-06 23:00,37.91724835095526
2025-12-07 00:00,43.25496684748007
2025-12-07 01:00,38.862568354129785
2025-12-07 02:00,38.06149422995459
2025-12-07 03:00,36.41432965474494
2025-12-07 04:00,35.440863254789676
2025-12-07 05:00,29.85250660206946
2025-12-07 06:00,20.74037468170158
2025-12-07 07:00,19.426260976293968
2025-12-07 08:00,18.29565258534503
2025-12-07 09:00,17.72345636196254
2025-12-07 10:00,16.51291380960947
2025-12-07 11:00,16.312476836127647
2025-12-07 12:00,22.334232610506305
2025-12-07 13:00,28.921064890412303
2025-12-07 14:00,34.692197368603416
2025-12-07 15:00,34.82323491746307
2025-12-07 16:00,37.45564981757823
2025-12-07 17:00,36.7642580217723
2025-12-07 18:00,35.40495804479176
2025-12-07 19:00,37.68502969413766
2025-12-07 20:00,41.84239754350496
2025-12-07 21:00,46.891984280341404
2025-12-07 22:00,50.89291267490022
2025-12-07 23:00,51.117231757407104
2025-12-08 00:00,53.927433368785586
2025-12-08 01:00,53.84409629311069
2025-12-08 02:00,49.75862603810199
2025-12-08 03:00,46.31734198484751
2025-12-08 04:00,46.8670492250242
2025-12-08 05:00,45.745374057531656
2025-12-08 06:00,47.673723060397975
2025-12-08 07:00,41.70758293799013
2025-12-08 08:00,42.49508506704352
2025-12-08 09:00,36.91379988972335
2025-12-08 10:00,37.15198938498546
2025-12-08 11:00,40.34459316633595
2025-12-08 12:00,35.98065700911686
2025-12-08 13:00,39.734589667755365
2025-12-08 14:00,36.68100995948359
2025-12-08 15:00,34.17433465231916
2025-12-08 16:00,34.18933902845623
2025-12-08 17:00,31.367199793633784
2025-12-08 18:00,26.00211245559753
2025-12-08 19:00,24.25019119881871
2025-12-08 20:00,18.69612244069227
2025-12-08 21:00,12.013624169765837
2025-12-08 22:00,11.372183746985732
2025-12-08 23:00,6.61497856526242
2025-12-09 00:00,5.667288130844353
2025-12-09 01:00,3.3961128565645677
2025-12-09 02:00,4.1405133186805285
2025-12-09 03:00,4.9071292141390375
2025-12-09 04:00,5.979983971110726
2025-12-09 05:00,7.341626571212599
2025-12-09 06:00,4.713249227906285
2025-12-09 07:00,4.443513237014419
2025-12-09 08:00,1.9752104363230816
2025-12-09 09:00,1.2950514991620075
2025-12-09 10:00,1.5226498070739098
2025-12-09 11:00,1.5678060001112193
2025-12-09 12:00,0.36069918794466826
2025-12-09 13:00,1.0880948272633852
2025-12-09 14:00,2.012662121005979
2025-12-09 15:00,2.8055635670777557
2025-12-09 16:00,2.6568644919247966
2025-12-09 17:00,1.6867839922940555
2025-12-09 18:00,0.9247407450138659
2025-12-09 19:00,3.276913431751247
2025-12-09 20:00,5.069543878786991
2025-12-09 21:00,6.314791472228859
2025-12-09 22:00,7.52016272250187
2025-12-09 23:00,5.256967371825558
2025-12-10 00:00,6.4296141154702084
2025-12-10 01:00,6.978953343368461
2025-12-10 02:00,9.288363311962241
2025-12-10 03:00,9.046452492609312
2025-12-10 04:00,8.9606948148617
2025-12-10 05:00,9.18660540788599
2025-12-10 06:00,10.903646516351214
2025-12-10 07:00,10.91818179416772
2025-12-10 08:00,10.58203433117828
2025-12-10 09:00,5.5937263645123485
2025-12-10 10:00,4.207282627995288
2025-12-10 11:00,3.046917217439742
2025-12-10 12:00,3.0015573445242123
2025-12-10 13:00,4.201193389747658
2025-12-10 14:00,3.8660749022085485
2025-12-10 15:00,3.58245830452674
2025-12-10 16:00,3.4141766058650735
2025-12-10 17:00,5.19606455290077
2025-12-10 18:00,5.547978275435398
2025-12-10 19:00,6.262791028885966
2025-12-10 20:00,6.806792068013759
2025-12-10 21:00,9.729446540287777
2025-12-10 22:00,14.101491516571828
2025-12-10 23:00,14.71823620990575
2025-12-11 00:00,15.841373656736497
2025-12-11 01:00,17.092963065570768
2025-12-11 02:00,18.67384068085824
2025-12-11 03:00,20.80933135958144
2025-12-11 04:00,30.11165432150158
2025-12-11 05:00,33.034022686907974
2025-12-11 06:00,31.167571878862343
2025-12-11 07:00,30.060127334424234
2025-12-11 08:00,31.591256716213355
2025-12-11 09:00,35.115835960451754
2025-12-11 10:00,35.35533688068598
2025-12-11 11:00,48.47058394737956
2025-12-11 12:00,56.89499455262787
2025-12-11 13:00,60.36698318091059
2025-12-11 14:00,57.12688905730254
2025-12-11 15:00,55.985535745001826
2025-12-11 16:00,55.17637149177604
2025-12-11 17:00,54.98461511043721
2025-12-11 18:00,56.95265958033541
2025-12-11 19:00,55.744693958364074
2025-12-11 20:00,53.18957761738473
2025-12-11 21:00,54.71012623453197
2025-12-11 22:00,53.87551570711861
2025-12-11 23:00,52.068638138993364
2025-12-12 00:00,47.49328349407413
2025-12-12 01:00,42.33625071515957
2025-12-12 02:00,37.588956712655246
2025-12-12 03:00,31.644382154035892
2025-12-12 04:00,30.67574258238039
2025-12-12 05:00,28.569146135017196
2025-12-12 06:00,23.596188965241733
2025-12-12 07:00,19.51674452392033
2025-12-12 08:00,16.593453319258806
2025-12-12 09:00,14.93361943654
2025-12-12 10:00,7.458368740969628
2025-12-12 11:00,5.067206771945905
2025-12-12 12:00,2.602551688840758
2025-12-12 13:00,1.143558574630821
2025-12-12 14:00,2.1842939711269236
2025-12-12 15:00,3.0983804928668026
2025-12-12 16:00,3.286062982349557
2025-12-12 17:00,2.770397312361803
2025-12-12 18:00,2.604745532209633
2025-12-12 19:00,2.9074080996933005
2025-12-12 20:00,2.616330380073186
2025-12-12 21:00,2.283156529938149
2025-12-12 22:00,4.525587477892574
2025-12-12 23:00,6.677178585859649
2025-12-13 00:00,10.801994306287412
2025-12-13 01:00,10.371631496467632
2025-12-13 02:00,11.740974637299978
2025-12-13 03:00,11.491185847622804
2025-12-13 04:00,12.17915452311614
2025-12-13 05:00,12.301042173499559
2025-12-13 06:00,11.544031932051892
2025-12-13 07:00,9.614434429795397
2025-12-13 08:00,8.378107626299126
2025-12-13 09:00,6.615234487780687
2025-12-13 10:00,6.831016023024928
2025-12-13 11:00,4.453786818041683
2025-12-13 12:00,5.929018635381192
2025-12-13 13:00,5.841469851703147
2025-12-13 14:00,9.875272356925066
2025-12-13 15:00,21.18662220573597
2025-12-13 16:00,25.64069162708006
2025-12-13 17:00,30.54696877119914
2025-12-13 18:00,26.92811136555175
2025-12-13 19:00,28.210297991878345
2025-12-13 20:00,23.653427834833693
2025-12-13 21:00,24.464668707760072
2025-12-13 22:00,18.188235780472503
2025-12-13 23:00,17.858972486771215
2025-12-14 00:00,24.30505582772505
2025-12-14 01:00,27.091210873157323
2025-12-14 02:00,23.70623903470547
2025-12-14 03:00,22.208159356554784
2025-12-14 04:00,21.38354615818035
2025-12-14 05:00,20.967179276630805
2025-12-14 06:00,23.7760938537169
2025-12-14 07:00,36.275283330518995
2025-12-14 08:00,40.38738190997449
2025-12-14 09:00,41.09980196134631
2025-12-14 10:00,45.494560746852486
2025-12-14 11:00,55.065639146387795
2025-12-14 12:00,56.97370910133474
2025-12-14 13:00,55.06741385972182
2025-12-14 14:00,54.57464977890633
2025-12-14 15:00,52.714956462652154
2025-12-14 16:00,53.12709822834437
2025-12-14 17:00,49.660667118223714
2025-12-14 18:00,50.42996833369393
2025-12-14 19:00,48.17130414790152
2025-12-14 20:00,47.372576511783656
2025-12-14 21:00,41.41325272128892
2025-12-14 22:00,31.906536970167135
2025-12-14 23:00,19.82289833631865
2025-12-15 00:00,27.29570213313347
2025-12-15 01:00,18.30184233616843
2025-12-15 02:00,16.008358820312377
2025-12-15 03:00,13.755150528472043
2025-12-15 04:00,13.778931186684542
2025-12-15 05:00,13.665613933474146
2025-12-15 06:00,10.152940287117133
2025-12-15 07:00,10.5913706089171
2025-12-15 08:00,8.72955176826833
2025-12-15 09:00,8.944099120525927
2025-12-15 10:00,6.841112100339673
2025-12-15 11:00,6.77547212036219
2025-12-15 12:00,2.1613704074236963
2025-12-15 13:00,3.032882428601504
2025-12-15 14:00,2.671540482156432
2025-12-15 15:00,3.751244183958808
2025-12-15 16:00,4.055262459759413
2025-12-15 17:00,3.432305669461582
2025-12-15 18:00,4.189260631073385
2025-12-15 19:00,5.901013129562365
2025-12-15 20:00,9.733654920287067
2025-12-15 21:00,11.393070496262922
2025-12-15 22:00,13.982176911997518
2025-12-15 23:00,12.54997069526961
2025-12-16 00:00,13.563805722900417
2025-12-16 01:00,15.189230745041973
2025-12-16 02:00,15.191151681723813
2025-12-16 03:00,18.045984469974897
2025-12-16 04:00,21.80970310008138
2025-12-16 05:00,24.607741452979077
2025-12-16 06:00,24.127783308123085
2025-12-16 07:00,24.20516088271964
2025-12-16 08:00,22.90175744041029
2025-12-16 09:00,20.963299600218146
2025-12-16 10:00,19.278346001274983
2025-12-16 11:00,18.89508478890636
2025-12-16 12:00,18.99501160748897
2025-12-16 13:00,18.598185498832756
2025-12-16 14:00,14.483428910562813
2025-12-16 15:00,16.731308587386664
2025-12-16 16:00,12.474543481328727
2025-12-16 17:00,12.668313266473799
2025-12-16 18:00,14.008857864927343
2025-12-16 19:00,21.03374782698337
2025-12-16 20:00,21.38393143919568
2025-12-16 21:00,24.560527175685024
2025-12-16 22:00,22.271990389307003
2025-12-16 23:00,20.87705898040136
2025-12-17 00:00,17.4620378592659
2025-12-17 01:00,15.712243051352973
2025-12-17 02:00,17.17945787406903
2025-12-17 03:00,15.02426072043837
2025-12-17 04:00,13.544220969645286
2025-12-17 05:00,13.468891253236347
2025-12-17 06:00,18.677815750816343
2025-12-17 07:00,24.56561772151927
2025-12-17 08:00,27.65156266921706
2025-12-17 09:00,22.09197461000547
2025-12-17 10:00,21.061123815197735
2025-12-17 11:00,26.52301938705219
2025-12-17 12:00,31.56730195808339
2025-12-17 13:00,38.82112043428402
2025-12-17 14:00,41.884516454966466
2025-12-17 15:00,35.157046555146934
2025-12-17 16:00,31.860221829005255
2025-12-17 17:00,32.06109490331785
2025-12-17 18:00,27.112746315563705
2025-12-17 19:00,17.493036795760823
2025-12-17 20:00,21.27506538629819
2025-12-17 21:00,16.095061104308655
2025-12-17 22:00,12.177856440758838
2025-12-17 23:00,10.828675872577156
2025-12-18 00:00,9.282539199367045
2025-12-18 01:00,7.355651960732131
2025-12-18 02:00,6.67269962070707
2025-12-18 03:00,7.362113047922052
2025-12-18 04:00,6.9192050693361296
2025-12-18 05:00,5.14332897059571
2025-12-18 06:00,6.948757691060209
2025-12-18 07:00,5.616875251110511
2025-12-18 08:00,3.602897261565673
2025-12-18 09:00,2.2852033779430188
2025-12-18 10:00,0.7955039133312516
2025-12-18 11:00,1.1670235516001537
2025-12-18 12:00,2.258374254816418
2025-12-18 13:00,3.1384448812427865
2025-12-18 14:00,3.7183234819611175
2025-12-18 15:00,4.910256582856827
2025-12-18 16:00,4.762364051081181
2025-12-18 17:00,3.726511175675172
2025-12-18 18:00,3.228282416839211
2025-12-18 19:00,2.922040992890105
2025-12-18 20:00,3.577452161839953
2025-12-18 21:00,4.090722488247326
2025-12-18 22:00,6.0704237362129225
2025-12-18 23:00,8.920683371096683
2025-12-19 00:00,13.7311959812766
2025-12-19 01:00,15.386027659748194
2025-12-19 02:00,9.19158002298656
2025-12-19 03:00,8.466515991349542
2025-12-19 04:00,7.6164810417649225
2025-12-19 05:00,5.775386791058697
2025-12-19 06:00,6.530688873131236
2025-12-19 07:00,6.612682356176316
2025-12-19 08:00,4.827123442608411
2025-12-19 09:00,7.778601891155794
2025-12-19 10:00,7.092521408025516
2025-12-19 11:00,5.587328425603595
2025-12-19 12:00,9.245357640397387
2025-12-19 13:00,8.697650473422653
2025-12-19 14:00,8.131275108006744
2025-12-19 15:00,11.29783619667055
2025-12-19 16:00,11.017273162435773
2025-12-19 17:00,13.843108688634187
2025-12-19 18:00,16.72213626624968
2025-12-19 19:00,22.982028236922975
2025-12-19 20:00,23.340377659593106
2025-12-19 21:00,22.644793531411068
2025-12-19 22:00,22.59624229598573
2025-12-19 23:00,20.533264363582955
2025-12-20 00:00,25.778781580362118
2025-12-20 01:00,27.544695242170153
2025-12-20 02:00,29.844770331177806
2025-12-20 03:00,30.301502194637028
2025-12-20 04:00,36.38891589384786
2025-12-20 05:00,36.084082169111504
2025-12-20 06:00,26.248984249560436
2025-12-20 07:00,26.837412545359367
2025-12-20 08:00,24.52493928466949
2025-12-20 09:00,20.563783746817187
2025-12-20 10:00,14.78452176084498
2025-12-20 11:00,13.292805583735461
2025-12-20 12:00,15.508717472519772
2025-12-20 13:00,21.316039636713427
2025-12-20 14:00,27.68277686550309
2025-12-20 15:00,26.39221913051405
2025-12-20 16:00,27.995072876801512
2025-12-20 17:00,36.01377006791408
2025-12-20 18:00,41.36845896349064
2025-12-20 19:00,47.755489147332796
2025-12-20 20:00,50.5523294195909
2025-12-20 21:00,50.20963750067033
2025-12-20 22:00,49.07672541237798
2025-12-20 23:00,49.91930437953289
2025-12-21 00:00,49.421988095554816
2025-12-21 01:00,52.81805814757763
2025-12-21 02:00,56.12608350904869
2025-12-21 03:00,58.18778753412838
2025-12-21 04:00,56.126779891679895
2025-12-21 05:00,52.29287945844108
2025-12-21 06:00,50.759574122951854
2025-12-21 07:00,52.21134591463119
2025-12-21 08:00,52.48101233233008
2025-12-21 09:00,51.814916765723574
2025-12-21 10:00,47.57720420890671
2025-12-21 11:00,45.585049272359655
2025-12-21 12:00,48.814914533010196
2025-12-21 13:00,48.825760932200446
2025-12-21 14:00,47.43145822943279
2025-12-21 15:00,46.06512649922878
2025-12-21 16:00,45.09073580847786
2025-12-21 17:00,42.59591000927727
2025-12-21 18:00,38.26055414748968
2025-12-21 19:00,34.81107799446474
2025-12-21 20:00,33.96500807230631
2025-12-21 21:00,30.816217811791283
2025-12-21 22:00,29.533182282365082
2025-12-21 23:00,20.56972128947047
2025-12-22 00:00,17.46670792609307
2025-12-22 01:00,16.494787298475007
2025-12-22 02:00,16.496447849491854
2025-12-22 03:00,17.563010627775263
2025-12-22 04:00,17.29771459680677
2025-12-22 05:00,16.975740684371385
2025-12-22 06:00,12.514727106292813
2025-12-22 07:00,10.72864096464716
2025-12-22 08:00,9.642237703463424
2025-12-22 09:00,7.840151329217302
2025-12-22 10:00,4.6403633227829335
2025-12-22 11:00,4.752383149446919
2025-12-22 12:00,3.9011330954451524
2025-12-22 13:00,5.003759283735544
2025-12-22 14:00,3.825476267102601
2025-12-22 15:00,6.625071865702523
2025-12-22 16:00,4.669202421939604
2025-12-22 17:00,7.308085311173316
2025-12-22 18:00,5.637312867055641
2025-12-22 19:00,7.251733159210821
2025-12-22 20:00,4.940928057273117
2025-12-22 21:00,3.26374145936
2025-12-22 22:00,1.6818434600893588
2025-12-22 23:00,1.8883830352697164
2025-12-23 00:00,5.055377056083914
2025-12-23 01:00,4.160903050182353
2025-12-23 02:00,3.775520418609561
2025-12-23 03:00,4.215785562345479
2025-12-23 04:00,5.773063102151169
2025-12-23 05:00,9.204974927249332
2025-12-23 06:00,6.17166796139607
2025-12-23 07:00,6.80878782516114
2025-12-23 08:00,8.55968545773152
2025-12-23 09:00,7.537919904349489
2025-12-23 10:00,5.077227003621751
2025-12-23 11:00,10.063229847314899
2025-12-23 12:00,12.084544510514483
2025-12-23 13:00,13.051938144018742
2025-12-23 14:00,14.087948029897548
2025-12-23 15:00,15.848204989513144
2025-12-23 16:00,15.434481525231849
2025-12-23 17:00,14.925492303896855
2025-12-23 18:00,16.088258631304736
2025-12-23 19:00,20.326976624471726
2025-12-23 20:00,30.78245237020126
2025-12-23 21:00,28.453412320532628
2025-12-23 22:00,30.603601120430856
2025-12-23 23:00,33.05575965387439
2025-12-24 00:00,33.62175734436414
2025-12-24 01:00,33.032134463781325
2025-12-24 02:00,33.96042809305249
2025-12-24 03:00,35.481709378986764
2025-12-24 04:00,43.48493005530295
2025-12-24 05:00,48.61134164541723
2025-12-24 06:00,39.15867184636213
2025-12-24 07:00,41.32952565203197
2025-12-24 08:00,42.292093709215166
2025-12-24 09:00,42.17371024343786
2025-12-24 10:00,37.461890145698014
2025-12-24 11:00,35.895946153747566
2025-12-24 12:00,39.21858240794264
2025-12-24 13:00,40.324019457930405
2025-12-24 14:00,43.944239394736904
2025-12-24 15:00,37.73560031749503
2025-12-24 16:00,42.1978192417723
2025-12-24 17:00,40.0870548144007
2025-12-24 18:00,39.51152901851041
2025-12-24 19:00,33.88369940413567
2025-12-24 20:00,36.17411104481552
2025-12-24 21:00,34.059385515274876
2025-12-24 22:00,29.674282671935583
2025-12-24 23:00,27.307352089574305
2025-12-25 00:00,31.688558577966216
2025-12-25 01:00,25.478501896403785
2025-12-25 02:00,26.735311079622697
2025-12-25 03:00,33.235818875250324
2025-12-25 04:00,35.220606394422845
2025-12-25 05:00,41.33200170883047
2025-12-25 06:00,39.24930580496933
2025-12-25 07:00,48.36219375828343
2025-12-25 08:00,53.46564403217997
2025-12-25 09:00,57.96457270165169
2025-12-25 10:00,52.57238023347264
2025-12-25 11:00,53.95526947636407
2025-12-25 12:00,53.40252180341825
2025-12-25 13:00,54.45114348116871
2025-12-25 14:00,53.929683243057475
2025-12-25 15:00,54.64326267493443
2025-12-25 16:00,55.08308268450862
2025-12-25 17:00,55.16104371435602
2025-12-25 18:00,55.131944079131664
2025-12-25 19:00,57.04975636751599
2025-12-25 20:00,57.69283707449514
2025-12-25 21:00,57.176257949090406
2025-12-25 22:00,57.90634886879227
2025-12-25 23:00,57.17781608952878
2025-12-26 00:00,55.45904528921456
2025-12-26 01:00,54.26695484982519
2025-12-26 02:00,55.27850924702971
2025-12-26 03:00,55.131889046306924
2025-12-26 04:00,54.27471358211121
2025-12-26 05:00,53.98156259602455
2025-12-26 06:00,54.00835245185728
2025-12-26 07:00,54.04873831794073
2025-12-26 08:00,54.588172010501594
2025-12-26 09:00,53.57738656671219
2025-12-26 10:00,52.13462332854699
2025-12-26 11:00,51.52876486967638
2025-12-26 12:00,51.29155626835705
2025-12-26 13:00,52.272343011143235
2025-12-26 14:00,52.49361054161982
2025-12-26 15:00,51.77354086628206
2025-12-26 16:00,48.59570384513937
2025-12-26 17:00,50.47200477525606
2025-12-26 18:00,44.5064597192396
2025-12-26 19:00,39.76409411223472
2025-12-26 20:00,33.4648550575532
2025-12-26 21:00,23.631265083470648
2025-12-26 22:00,14.08716205696032
2025-12-26 23:00,10.26037226482958
2025-12-27 00:00,9.342656162654935
2025-12-27 01:00,8.131512318978439
2025-12-27 02:00,7.434557945752308
2025-12-27 03:00,4.517503312886812
2025-12-27 04:00,2.437502922693803
2025-12-27 05:00,1.497808002740689
2025-12-27 06:00,1.8987523651243112
2025-12-27 07:00,2.1627614272904254
2025-12-27 08:00,2.723044222149606
2025-12-27 09:00,1.8069051232545683
2025-12-27 10:00,1.687656069618635
2025-12-27 11:00,1.5301081171412267
2025-12-27 12:00,1.558171655412196
2025-12-27 13:00,1.6151217183885587
2025-12-27 14:00,2.0008204037971646
2025-12-27 15:00,3.528809019264047
2025-12-27 16:00,5.3296216290406795
2025-12-27 17:00,5.837781533387029
2025-12-27 18:00,5.119262293801626
2025-12-27 19:00,10.696951186947508
2025-12-27 20:00,19.38028254883425
2025-12-27 21:00,19.49470675969067
2025-12-27 22:00,18.85781979889476
2025-12-27 23:00,18.678224814028002
2025-12-28 00:00,21.456093652112752
2025-12-28 01:00,19.404177347714647
2025-12-28 02:00,15.551838216623768
2025-12-28 03:00,16.197798030117795
2025-12-28 04:00,14.694949388346139
2025-12-28 05:00,16.910405027221394
2025-12-28 06:00,16.442057339570514
2025-12-28 07:00,16.943155362600496
2025-12-28 08:00,17.14300200791552
2025-12-28 09:00,14.359689371252676
2025-12-28 10:00,8.436648731509528
2025-12-28 11:00,6.328757585482474
2025-12-28 12:00,9.195816478974733
2025-12-28 13:00,8.993957910668726
2025-12-28 14:00,7.8945927579879545
2025-12-28 15:00,13.636285319039622
2025-12-28 16:00,15.847950676653609
2025-12-28 17:00,20.047486713334152
2025-12-28 18:00,21.872836093292428
2025-12-28 19:00,26.935272023182662
2025-12-28 20:00,34.796036676771344
2025-12-28 21:00,32.604958125559435
2025-12-28 22:00,32.96520485046605
2025-12-28 23:00,25.867961977265306
2025-12-29 00:00,24.513529568097493
2025-12-29 01:00,23.616793840077605
2025-12-29 02:00,22.56246262198009
2025-12-29 03:00,23.445195265030982
2025-12-29 04:00,22.91254161965056
2025-12-29 05:00,22.86613614327181
2025-12-29 06:00,23.19378866569207
2025-12-29 07:00,23.389825843368616
2025-12-29 08:00,22.674587751765927
2025-12-29 09:00,20.61858236289068
2025-12-29 10:00,13.715342976113284
2025-12-29 11:00,15.197250937607631
2025-12-29 12:00,20.08512507018063
2025-12-29 13:00,24.046664025692866
2025-12-29 14:00,27.055577144464003
2025-12-29 15:00,30.133550561387384
2025-12-29 16:00,28.962824544806782
2025-12-29 17:00,25.090717299024934
2025-12-29 18:00,22.99247342999264
2025-12-29 19:00,24.072509319491687
2025-12-29 20:00,31.96082670412422
2025-12-29 21:00,22.361801265934677
2025-12-29 22:00,19.325180674228978
2025-12-29 23:00,18.791703744520603
2025-12-30 00:00,22.746255067440266
2025-12-30 01:00,20.798659077816488
2025-12-30 02:00,19.473575032874567
2025-12-30 03:00,23.110528300431522
2025-12-30 04:00,27.242608767594042
2025-12-30 05:00,28.556545053325497
2025-12-30 06:00,25.9058740052297
2025-12-30 07:00,27.194487470596492
2025-12-30 08:00,31.865681348037928
2025-12-30 09:00,31.79437985900948
2025-12-30 10:00,30.648770796965106
2025-12-30 11:00,29.700648413250793
2025-12-30 12:00,32.922618337923936
2025-12-30 13:00,34.33610663206533
2025-12-30 14:00,34.36702487976765
2025-12-30 15:00,30.23270982719598
2025-12-30 16:00,32.52027043319917
2025-12-30 17:00,35.91930530666827
2025-12-30 18:00,21.743334715743227
2025-12-30 19:00,18.928672173957224
2025-12-30 20:00,14.459525385637502
2025-12-30 21:00,10.624563268823966
2025-12-30 22:00,3.714269641182025
2025-12-30 23:00,3.693893667395773
2025-12-31 00:00,5.062012681996145
2025-12-31 01:00,8.308277150582724
2025-12-31 02:00,22.209334705264702
2025-12-31 03:00,23.999623255429874
2025-12-31 04:00,32.81544167231853
2025-12-31 05:00,38.659761663145545
2025-12-31 06:00,45.18353110521317
2025-12-31 07:00,44.88869179108837
2025-12-31 08:00,46.85267898733404
2025-12-31 09:00,47.263685025545406
2025-12-31 10:00,45.159598437674056
2025-12-31 11:00,42.962225919608564
2025-12-31 12:00,46.0515611641698
2025-12-31 13:00,45.84101016982075
2025-12-31 14:00,45.72949401365421
2025-12-31 15:00,42.046990103254736
2025-12-31 16:00,43.9991518771915
2025-12-31 17:00,44.80978307747773
2025-12-31 18:00,41.422231453728315
2025-12-31 19:00,43.6139351775591
2025-12-31 20:00,48.02559982438904
2025-12-31 21:00,47.90170786203184
2025-12-31 22:00,44.32507068508878
2025-12-31 23:00,42.51391708879179
